setu,date,home_team,home_victory,home_score,away_team,away_score,home_away,attendance,arena,arena_rate
1,09.20,信州,win,85,広島,77,home,2066,ホワイト,0
1,09.20,広島,lose,77,信州,85,away,2066,ホワイト,0
1,09.21,信州,lose,77,広島,81,home,2206,ホワイト,0
1,09.21,広島,win,81,信州,77,away,2206,ホワイト,0
1,09.21,FE名古屋,win,85,青森,68,home,1943,千種,0
1,09.21,青森,lose,68,FE名古屋,85,away,1943,千種,0
1,09.21,茨城,win,86,福岡,74,home,3515,ADみと,0
1,09.21,福岡,lose,74,茨城,86,away,3515,ADみと,0
1,09.21,群馬,win,81,仙台,79,home,2541,市民前橋,0
1,09.21,仙台,lose,79,群馬,81,away,2541,市民前橋,0
1,09.21,西宮,win,74,奈良,72,home,2192,西宮中央,0
1,09.21,奈良,lose,72,西宮,74,away,2192,西宮中央,0
1,09.21,熊本,lose,74,越谷,82,home,3344,熊本県総,0
1,09.21,越谷,win,82,熊本,74,away,3344,熊本県総,0
1,09.21,山形,lose,90,福島,92,home,1680,山形スポ,0
1,09.21,福島,win,92,山形,90,away,1680,山形スポ,0
1,09.21,香川,lose,77,愛媛,90,home,1388,高松総合,0
1,09.21,愛媛,win,90,香川,77,away,1388,高松総合,0
1,09.21,東京EX,win,82,東京Z,77,home,905,小豆沢,0
1,09.21,東京Z,lose,77,東京EX,82,away,905,小豆沢,0
1,09.22,山形,win,85,福島,73,home,2001,山形スポ,0
1,09.22,福島,lose,73,山形,85,away,2001,山形スポ,0
1,09.22,群馬,win,62,仙台,57,home,1812,市民前橋,0
1,09.22,仙台,lose,57,群馬,62,away,1812,市民前橋,0
1,09.22,香川,win,92,愛媛,64,home,1298,高松総合,0
1,09.22,愛媛,lose,64,香川,92,away,1298,高松総合,0
1,09.22,FE名古屋,lose,74,青森,79,home,2019,千種,0
1,09.22,青森,win,79,FE名古屋,74,away,2019,千種,0
1,09.22,西宮,win,72,奈良,62,home,2075,西宮中央,0
1,09.22,奈良,lose,62,西宮,72,away,2075,西宮中央,0
1,09.22,熊本,win,93,越谷,73,home,3697,熊本県総,0
1,09.22,越谷,lose,73,熊本,93,away,3697,熊本県総,0
1,09.22,東京EX,win,92,東京Z,52,home,836,小豆沢,0
1,09.22,東京Z,lose,52,東京EX,92,away,836,小豆沢,0
1,09.22,茨城,lose,100,福岡,71,home,2884,ADみと,0
1,09.22,福岡,win,71,茨城,100,away,2884,ADみと,0
2,09.27,愛媛,lose,80,西宮,86,home,1969,コミセン,0
2,09.27,西宮,win,86,愛媛,80,away,1969,コミセン,0
2,09.28,越谷,lose,54,信州,74,home,1526,越谷M,0
2,09.28,信州,win,74,越谷,54,away,1526,越谷M,0
2,09.28,愛媛,lose,72,西宮,81,home,1512,コミセン,0
2,09.28,西宮,win,81,愛媛,72,away,1512,コミセン,0
2,09.28,仙台,win,80,茨城,65,home,3104,ゼビオ,0
2,09.28,茨城,lose,65,仙台,80,away,3104,ゼビオ,0
2,09.28,東京Z,lose,65,FE名古屋,85,home,1718,片柳アリ,0
2,09.28,FE名古屋,win,85,東京Z,65,away,1718,片柳アリ,0
2,09.28,青森,lose,91,山形,94,home,1509,カクヒロ,0
2,09.28,山形,win,94,青森,91,away,1509,カクヒロ,0
2,09.28,福島,lose,65,群馬,73,home,2025,郡山総合,0
2,09.28,群馬,win,73,福島,65,away,2025,郡山総合,0
2,09.28,奈良,win,96,香川,86,home,1025,ならアリ,0
2,09.28,香川,lose,86,奈良,96,away,1025,ならアリ,0
2,09.28,広島,lose,101,熊本,51,home,3090,サンプラ,0
2,09.28,熊本,win,51,広島,101,away,3090,サンプラ,0
2,09.28,東京EX,win,81,福岡,74,home,604,小豆沢,0
2,09.28,福岡,lose,74,東京EX,81,away,604,小豆沢,0
2,09.29,仙台,win,76,茨城,67,home,1728,ゼビオ,0
2,09.29,茨城,lose,67,仙台,76,away,1728,ゼビオ,0
2,09.29,福島,lose,65,群馬,70,home,2665,郡山総合,0
2,09.29,群馬,win,70,福島,65,away,2665,郡山総合,0
2,09.29,青森,win,93,山形,75,home,1460,カクヒロ,0
2,09.29,山形,lose,75,青森,93,away,1460,カクヒロ,0
2,09.29,越谷,lose,71,信州,73,home,1241,越谷M,0
2,09.29,信州,win,73,越谷,71,away,1241,越谷M,0
2,09.29,東京EX,win,90,福岡,80,home,701,小豆沢,0
2,09.29,福岡,lose,80,東京EX,90,away,701,小豆沢,0
2,09.29,東京Z,lose,72,FE名古屋,84,home,2015,片柳アリ,0
2,09.29,FE名古屋,win,84,東京Z,72,away,2015,片柳アリ,0
2,09.29,奈良,lose,84,香川,93,home,1057,ならアリ,0
2,09.29,香川,win,93,奈良,84,away,1057,ならアリ,0
2,09.29,広島,win,75,熊本,54,home,4007,サンプラ,0
2,09.29,熊本,lose,54,広島,75,away,4007,サンプラ,0
3,10.04,群馬,lose,70,茨城,71,home,897,市民前橋,0
3,10.04,茨城,win,71,群馬,70,away,897,市民前橋,0
3,10.04,熊本,win,88,FE名古屋,85,home,1433,熊本県総,0
3,10.04,FE名古屋,lose,85,熊本,88,away,1433,熊本県総,0
3,10.05,群馬,win,76,茨城,69,home,975,市民前橋,0
3,10.05,茨城,lose,69,群馬,76,away,975,市民前橋,0
3,10.05,熊本,lose,85,FE名古屋,92,home,2145,熊本県総,0
3,10.05,FE名古屋,win,92,熊本,85,away,2145,熊本県総,0
3,10.05,越谷,lose,79,東京EX,89,home,472,越谷M,0
3,10.05,東京EX,win,89,越谷,79,away,472,越谷M,0
3,10.05,西宮,win,91,青森,72,home,1685,加古川,0
3,10.05,青森,lose,72,西宮,91,away,1685,加古川,0
3,10.05,仙台,win,82,福島,73,home,1882,ゼビオ,0
3,10.05,福島,lose,73,仙台,82,away,1882,ゼビオ,0
3,10.05,山形,lose,85,愛媛,97,home,1373,山形県総,0
3,10.05,愛媛,win,97,山形,85,away,1373,山形県総,0
3,10.05,奈良,lose,62,信州,71,home,829,ならアリ,0
3,10.05,信州,win,71,奈良,62,away,829,ならアリ,0
3,10.05,香川,win,75,東京Z,67,home,804,高松総合,0
3,10.05,東京Z,lose,67,香川,75,away,804,高松総合,0
3,10.05,福岡,lose,77,広島,85,home,1212,照葉積水,0
3,10.05,広島,win,85,福岡,77,away,1212,照葉積水,0
3,10.06,仙台,lose,65,福島,67,home,2131,ゼビオ,0
3,10.06,福島,win,67,仙台,65,away,2131,ゼビオ,0
3,10.06,香川,win,79,東京Z,67,home,708,高松総合,0
3,10.06,東京Z,lose,67,香川,79,away,708,高松総合,0
3,10.06,山形,win,81,愛媛,71,home,1680,山形県総,0
3,10.06,愛媛,lose,71,山形,81,away,1680,山形県総,0
3,10.06,西宮,lose,64,青森,69,home,2033,加古川,0
3,10.06,青森,win,69,西宮,64,away,2033,加古川,0
3,10.06,奈良,lose,72,信州,73,home,1017,ならアリ,0
3,10.06,信州,win,73,奈良,72,away,1017,ならアリ,0
3,10.06,福岡,lose,84,広島,88,home,1505,照葉積水,0
3,10.06,広島,win,88,福岡,84,away,1505,照葉積水,0
3,10.06,越谷,win,85,東京EX,102,home,455,越谷M,0
3,10.06,東京EX,lose,102,越谷,85,away,455,越谷M,0
4,10.11,愛媛,lose,75,仙台,84,home,1591,コミセン,0
4,10.11,仙台,win,84,愛媛,75,away,1591,コミセン,0
4,10.11,福岡,lose,80,越谷,88,home,1058,照葉積水,0
4,10.11,越谷,win,88,福岡,80,away,1058,照葉積水,0
4,10.11,熊本,lose,81,奈良,92,home,1214,熊本県総,0
4,10.11,奈良,win,92,熊本,81,away,1214,熊本県総,0
4,10.12,広島,win,79,FE名古屋,71,home,1251,東広島,0
4,10.12,FE名古屋,lose,71,広島,79,away,1251,東広島,0
4,10.12,愛媛,lose,79,仙台,85,home,1310,コミセン,0
4,10.12,仙台,win,85,愛媛,79,away,1310,コミセン,0
4,10.12,福岡,win,88,越谷,72,home,1123,照葉積水,0
4,10.12,越谷,lose,72,福岡,88,away,1123,照葉積水,0
4,10.12,熊本,lose,101,奈良,70,home,1690,熊本県総,0
4,10.12,奈良,win,70,熊本,101,away,1690,熊本県総,0
4,10.12,西宮,win,73,茨城,62,home,890,西宮中央,0
4,10.12,茨城,lose,62,西宮,73,away,890,西宮中央,0
4,10.12,山形,lose,65,東京Z,70,home,1260,山形県総,0
4,10.12,東京Z,win,70,山形,65,away,1260,山形県総,0
4,10.13,広島,win,69,FE名古屋,67,home,1673,東広島,0
4,10.13,FE名古屋,lose,67,広島,69,away,1673,東広島,0
4,10.13,群馬,win,78,青森,73,home,1318,市民前橋,0
4,10.13,青森,lose,73,群馬,78,away,1318,市民前橋,0
4,10.13,西宮,win,74,茨城,62,home,1212,西宮中央,0
4,10.13,茨城,lose,62,西宮,74,away,1212,西宮中央,0
4,10.13,山形,lose,55,東京Z,64,home,1703,山形県総,0
4,10.13,東京Z,win,64,山形,55,away,1703,山形県総,0
4,01.02,群馬,win,90,青森,83,home,827,市民前橋,0
4,01.02,青森,lose,83,群馬,90,away,827,市民前橋,0
4,01.10,福島,lose,63,東京EX,78,home,228,いわき,0
4,01.10,東京EX,win,78,福島,63,away,228,いわき,0
4,01.11,福島,lose,77,東京EX,84,home,1188,いわき,0
4,01.11,東京EX,win,84,福島,77,away,1188,いわき,0
4,01.13,信州,win,94,香川,67,home,2312,ことアリ,0
4,01.13,香川,lose,67,信州,94,away,2312,ことアリ,0
4,01.14,信州,win,99,香川,72,home,1138,ことアリ,0
4,01.14,香川,lose,72,信州,99,away,1138,ことアリ,0
5,10.16,青森,lose,74,福島,91,home,1184,カクヒロ,0
5,10.16,福島,win,91,青森,74,away,1184,カクヒロ,0
5,10.16,仙台,lose,63,群馬,71,home,2586,ゼビオ,0
5,10.16,群馬,win,71,仙台,63,away,2586,ゼビオ,0
5,10.16,越谷,lose,63,信州,92,home,394,越谷S,0
5,10.16,信州,win,92,越谷,63,away,394,越谷S,0
5,10.16,東京Z,win,72,西宮,68,home,1755,大田区,0
5,10.16,西宮,lose,68,東京Z,72,away,1755,大田区,0
5,10.16,FE名古屋,win,96,東京EX,62,home,952,千種,0
5,10.16,東京EX,lose,62,FE名古屋,96,away,952,千種,0
5,10.16,広島,win,88,福岡,82,home,1591,東区,0
5,10.16,福岡,lose,82,広島,88,away,1591,東区,0
5,10.16,香川,win,79,熊本,71,home,639,高松総合,0
5,10.16,熊本,lose,71,香川,79,away,639,高松総合,0
5,10.16,愛媛,win,74,奈良,64,home,430,愛媛県総,0
5,10.16,奈良,lose,64,愛媛,74,away,430,愛媛県総,0
5,10.16,茨城,win,87,山形,86,home,1835,ADみと,0
5,10.16,山形,lose,86,茨城,87,away,1835,ADみと,0
6,10.19,愛媛,lose,76,群馬,80,home,335,愛媛県総,0
6,10.19,群馬,win,80,愛媛,76,away,335,愛媛県総,0
6,10.19,仙台,win,78,奈良,62,home,1774,ゼビオ,0
6,10.19,奈良,lose,62,仙台,78,away,1774,ゼビオ,0
6,10.19,福島,win,79,FE名古屋,77,home,357,猪苗代,0
6,10.19,FE名古屋,lose,77,福島,79,away,357,猪苗代,0
6,10.19,西宮,win,76,越谷,74,home,1470,西宮中央,0
6,10.19,越谷,lose,74,西宮,76,away,1470,西宮中央,0
6,10.19,熊本,win,79,茨城,54,home,1370,熊本県総,0
6,10.19,茨城,lose,54,熊本,79,away,1370,熊本県総,0
6,10.19,青森,lose,57,広島,79,home,1344,五所川原,0
6,10.19,広島,win,79,青森,57,away,1344,五所川原,0
6,10.19,香川,win,85,福岡,69,home,499,とらまる,0
6,10.19,福岡,lose,69,香川,85,away,499,とらまる,0
6,10.19,東京EX,win,98,山形,90,home,565,小豆沢,0
6,10.19,山形,lose,90,東京EX,98,away,565,小豆沢,0
6,10.20,仙台,win,69,奈良,51,home,2007,ゼビオ,0
6,10.20,奈良,lose,51,仙台,69,away,2007,ゼビオ,0
6,10.20,香川,lose,73,福岡,78,home,448,とらまる,0
6,10.20,福岡,win,78,香川,73,away,448,とらまる,0
6,10.20,福島,lose,80,FE名古屋,86,home,657,猪苗代,0
6,10.20,FE名古屋,win,86,福島,80,away,657,猪苗代,0
6,10.20,青森,lose,66,広島,87,home,1410,五所川原,0
6,10.20,広島,win,87,青森,66,away,1410,五所川原,0
6,10.20,東京EX,lose,103,山形,73,home,917,小豆沢,0
6,10.20,山形,win,73,東京EX,103,away,917,小豆沢,0
6,10.20,西宮,win,83,越谷,69,home,1754,西宮中央,0
6,10.20,越谷,lose,69,西宮,83,away,1754,西宮中央,0
6,10.20,愛媛,win,75,群馬,71,home,525,愛媛県総,0
6,10.20,群馬,lose,71,愛媛,75,away,525,愛媛県総,0
6,10.20,熊本,lose,70,茨城,86,home,1790,熊本県総,0
6,10.20,茨城,win,86,熊本,70,away,1790,熊本県総,0
6,10.21,東京Z,lose,46,信州,50,home,1320,大田区,0
6,10.21,信州,win,50,東京Z,46,away,1320,大田区,0
6,10.22,東京Z,lose,65,信州,73,home,1903,大田区,0
6,10.22,信州,win,73,東京Z,65,away,1903,大田区,0
7,10.25,東京EX,win,80,東京Z,68,home,502,小豆沢,0
7,10.25,東京Z,lose,68,東京EX,80,away,502,小豆沢,0
7,10.26,東京EX,lose,63,東京Z,65,home,516,小豆沢,0
7,10.26,東京Z,win,65,東京EX,63,away,516,小豆沢,0
7,10.26,福岡,win,88,福島,87,home,705,五島中央,0
7,10.26,福島,lose,87,福岡,88,away,705,五島中央,0
7,10.26,茨城,lose,62,仙台,68,home,1927,日立池川,0
7,10.26,仙台,win,68,茨城,62,away,1927,日立池川,0
7,10.26,山形,lose,63,FE名古屋,87,home,1360,南陽市体,0
7,10.26,FE名古屋,win,87,山形,63,away,1360,南陽市体,0
7,10.26,越谷,lose,74,香川,76,home,454,久喜総合,0
7,10.26,香川,win,76,越谷,74,away,454,久喜総合,0
7,10.26,奈良,win,96,愛媛,104,home,1103,Jアリ,0
7,10.26,愛媛,lose,104,奈良,96,away,1103,Jアリ,0
7,10.26,広島,lose,67,西宮,73,home,2938,サンプラ,0
7,10.26,西宮,win,73,広島,67,away,2938,サンプラ,0
7,10.26,熊本,win,87,青森,80,home,1866,熊本県総,0
7,10.26,青森,lose,80,熊本,87,away,1866,熊本県総,0
7,10.26,信州,win,71,群馬,56,home,1523,ことアリ,0
7,10.26,群馬,lose,56,信州,71,away,1523,ことアリ,0
7,10.27,福岡,lose,86,福島,95,home,549,五島中央,0
7,10.27,福島,win,95,福岡,86,away,549,五島中央,0
7,10.27,広島,win,83,西宮,60,home,2841,サンプラ,0
7,10.27,西宮,lose,60,広島,83,away,2841,サンプラ,0
7,10.27,山形,lose,60,FE名古屋,89,home,1506,南陽市体,0
7,10.27,FE名古屋,win,89,山形,60,away,1506,南陽市体,0
7,10.27,信州,win,74,群馬,49,home,1630,ことアリ,0
7,10.27,群馬,lose,49,信州,74,away,1630,ことアリ,0
7,10.27,熊本,win,94,青森,86,home,2344,熊本県総,0
7,10.27,青森,lose,86,熊本,94,away,2344,熊本県総,0
7,10.27,茨城,lose,64,仙台,85,home,1958,日立池川,0
7,10.27,仙台,win,85,茨城,64,away,1958,日立池川,0
7,10.27,奈良,win,83,愛媛,73,home,1205,Jアリ,0
7,10.27,愛媛,lose,73,奈良,83,away,1205,Jアリ,0
7,10.27,越谷,lose,70,香川,87,home,429,春日部,0
7,10.27,香川,win,87,越谷,70,away,429,春日部,0
8,10.31,青森,win,93,福岡,76,home,753,黒石,0
8,10.31,福岡,lose,76,青森,93,away,753,黒石,0
8,11.01,青森,lose,67,福岡,96,home,1072,黒石,0
8,11.01,福岡,win,96,青森,67,away,1072,黒石,0
8,11.02,FE名古屋,win,70,信州,65,home,1414,中村,0
8,11.02,信州,lose,65,FE名古屋,70,away,1414,中村,0
8,11.02,越谷,win,98,茨城,82,home,936,越谷M,0
8,11.02,茨城,lose,82,越谷,98,away,936,越谷M,0
8,11.02,福島,win,96,熊本,66,home,968,あいづ,0
8,11.02,熊本,lose,66,福島,96,away,968,あいづ,0
8,11.02,群馬,win,86,東京Z,58,home,1020,千代田,0
8,11.02,東京Z,lose,58,群馬,86,away,1020,千代田,0
8,11.02,西宮,win,73,山形,66,home,1448,西宮中央,0
8,11.02,山形,lose,66,西宮,73,away,1448,西宮中央,0
8,11.02,奈良,win,88,広島,109,home,1004,ならアリ,0
8,11.02,広島,lose,109,奈良,88,away,1004,ならアリ,0
8,11.02,愛媛,win,82,東京EX,68,home,725,愛媛県総,0
8,11.02,東京EX,lose,68,愛媛,82,away,725,愛媛県総,0
8,11.03,群馬,win,73,東京Z,67,home,1405,千代田,0
8,11.03,東京Z,lose,67,群馬,73,away,1405,千代田,0
8,11.03,福島,lose,80,熊本,94,home,1056,あいづ,0
8,11.03,熊本,win,94,福島,80,away,1056,あいづ,0
8,11.03,FE名古屋,lose,77,信州,86,home,1713,中村,0
8,11.03,信州,win,86,FE名古屋,77,away,1713,中村,0
8,11.03,西宮,win,97,山形,85,home,1310,西宮中央,0
8,11.03,山形,lose,85,西宮,97,away,1310,西宮中央,0
8,11.03,越谷,win,95,茨城,100,home,1133,越谷M,0
8,11.03,茨城,lose,100,越谷,95,away,1133,越谷M,0
8,11.03,奈良,lose,76,広島,89,home,1961,ならアリ,0
8,11.03,広島,win,89,奈良,76,away,1961,ならアリ,0
8,11.03,愛媛,lose,63,東京EX,97,home,1197,愛媛県総,0
8,11.03,東京EX,win,97,愛媛,63,away,1197,愛媛県総,0
8,11.04,香川,win,82,仙台,80,home,898,高松総合,0
8,11.04,仙台,lose,80,香川,82,away,898,高松総合,0
8,11.05,香川,lose,94,仙台,97,home,670,高松総合,0
8,11.05,仙台,win,97,香川,94,away,670,高松総合,0
9,11.08,群馬,win,96,FE名古屋,78,home,803,市民前橋,0
9,11.08,FE名古屋,lose,78,群馬,96,away,803,市民前橋,0
9,11.08,愛媛,lose,76,青森,78,home,1054,コミセン,0
9,11.08,青森,win,78,愛媛,76,away,1054,コミセン,0
9,11.08,福岡,win,68,信州,105,home,578,大川市民,0
9,11.08,信州,lose,105,福岡,68,away,578,大川市民,0
9,11.09,仙台,win,85,越谷,76,home,776,南三陸町,0
9,11.09,越谷,lose,76,仙台,85,away,776,南三陸町,0
9,11.09,群馬,win,81,FE名古屋,80,home,1536,市民前橋,0
9,11.09,FE名古屋,lose,80,群馬,81,away,1536,市民前橋,0
9,11.09,福岡,lose,50,信州,71,home,751,大川市民,0
9,11.09,信州,win,71,福岡,50,away,751,大川市民,0
9,11.09,愛媛,win,89,青森,70,home,655,コミセン,0
9,11.09,青森,lose,70,愛媛,89,away,655,コミセン,0
9,11.09,福島,win,88,西宮,83,home,619,福島国体,0
9,11.09,西宮,lose,83,福島,88,away,619,福島国体,0
9,11.09,茨城,lose,86,広島,88,home,1882,ADみと,0
9,11.09,広島,win,88,茨城,86,away,1882,ADみと,0
9,11.09,山形,lose,86,香川,95,home,1534,山形県総,0
9,11.09,香川,win,95,山形,86,away,1534,山形県総,0
9,11.10,仙台,win,77,越谷,73,home,1033,南三陸町,0
9,11.10,越谷,lose,73,仙台,77,away,1033,南三陸町,0
9,11.10,福島,lose,71,西宮,89,home,891,福島国体,0
9,11.10,西宮,win,89,福島,71,away,891,福島国体,0
9,11.10,山形,win,90,香川,86,home,2047,山形県総,0
9,11.10,香川,lose,86,山形,90,away,2047,山形県総,0
9,11.10,茨城,lose,78,広島,80,home,1703,ADみと,0
9,11.10,広島,win,80,茨城,78,away,1703,ADみと,0
9,11.11,東京Z,win,85,熊本,66,home,1009,世田谷区,0
9,11.11,熊本,lose,66,東京Z,85,away,1009,世田谷区,0
9,11.11,東京EX,win,93,奈良,85,home,804,立川立飛,0
9,11.11,奈良,lose,85,東京EX,93,away,804,立川立飛,0
9,11.12,東京Z,lose,63,熊本,78,home,831,世田谷区,0
9,11.12,熊本,win,78,東京Z,63,away,831,世田谷区,0
9,11.12,東京EX,lose,89,奈良,98,home,616,立川立飛,0
9,11.12,奈良,win,98,東京EX,89,away,616,立川立飛,0
10,11.15,越谷,win,87,愛媛,86,home,426,越谷S,0
10,11.15,愛媛,lose,86,越谷,87,away,426,越谷S,0
10,11.16,FE名古屋,lose,66,茨城,74,home,985,千種,0
10,11.16,茨城,win,74,FE名古屋,66,away,985,千種,0
10,11.16,越谷,lose,84,愛媛,97,home,326,越谷S,0
10,11.16,愛媛,win,97,越谷,84,away,326,越谷S,0
10,11.16,西宮,win,77,福岡,64,home,1473,西宮中央,0
10,11.16,福岡,lose,64,西宮,77,away,1473,西宮中央,0
10,11.16,青森,win,87,東京Z,73,home,1406,カクヒロ,0
10,11.16,東京Z,lose,73,青森,87,away,1406,カクヒロ,0
10,11.16,奈良,lose,100,福島,82,home,1013,ならアリ,0
10,11.16,福島,win,82,奈良,100,away,1013,ならアリ,0
10,11.16,香川,win,88,東京EX,81,home,865,高松総合,0
10,11.16,東京EX,lose,81,香川,88,away,865,高松総合,0
10,11.16,信州,win,76,仙台,66,home,1644,ことアリ,0
10,11.16,仙台,lose,66,信州,76,away,1644,ことアリ,0
10,11.17,香川,win,84,東京EX,77,home,717,高松総合,0
10,11.17,東京EX,lose,77,香川,84,away,717,高松総合,0
10,11.17,青森,lose,69,東京Z,80,home,1552,カクヒロ,0
10,11.17,東京Z,win,80,青森,69,away,1552,カクヒロ,0
10,11.17,信州,lose,61,仙台,63,home,1851,ことアリ,0
10,11.17,仙台,win,63,信州,61,away,1851,ことアリ,0
10,11.17,FE名古屋,win,81,茨城,70,home,1275,千種,0
10,11.17,茨城,lose,70,FE名古屋,81,away,1275,千種,0
10,11.17,西宮,lose,56,福岡,61,home,1826,西宮中央,0
10,11.17,福岡,win,61,西宮,56,away,1826,西宮中央,0
10,11.17,熊本,lose,82,群馬,88,home,1962,宇土市民,0
10,11.17,群馬,win,88,熊本,82,away,1962,宇土市民,0
10,11.17,奈良,win,92,福島,84,home,1434,ならアリ,0
10,11.17,福島,lose,84,奈良,92,away,1434,ならアリ,0
10,11.18,広島,lose,105,山形,88,home,1629,東区,0
10,11.18,山形,win,88,広島,105,away,1629,東区,0
10,11.18,熊本,win,74,群馬,70,home,1111,宇土市民,0
10,11.18,群馬,lose,70,熊本,74,away,1111,宇土市民,0
10,11.19,広島,lose,102,山形,67,home,1611,東区,0
10,11.19,山形,win,67,広島,102,away,1611,東区,0
11,11.22,東京EX,lose,75,青森,78,home,503,小豆沢,0
11,11.22,青森,win,78,東京EX,75,away,503,小豆沢,0
11,11.22,愛媛,win,75,山形,71,home,1400,コミセン,0
11,11.22,山形,lose,71,愛媛,75,away,1400,コミセン,0
11,11.22,茨城,lose,84,西宮,93,home,1431,ADみと,0
11,11.22,西宮,win,93,茨城,84,away,1431,ADみと,0
11,11.23,東京EX,lose,100,青森,71,home,1023,小豆沢,0
11,11.23,青森,win,71,東京EX,100,away,1023,小豆沢,0
11,11.23,信州,lose,80,熊本,82,home,1716,ホワイト,0
11,11.23,熊本,win,82,信州,80,away,1716,ホワイト,0
11,11.23,FE名古屋,win,72,広島,67,home,1291,中村,0
11,11.23,広島,lose,67,FE名古屋,72,away,1291,中村,0
11,11.23,愛媛,lose,100,山形,72,home,1191,コミセン,0
11,11.23,山形,win,72,愛媛,100,away,1191,コミセン,0
11,11.23,茨城,win,82,西宮,71,home,1864,ADみと,0
11,11.23,西宮,lose,71,茨城,82,away,1864,ADみと,0
11,11.23,仙台,win,87,東京Z,65,home,3101,ゼビオ,0
11,11.23,東京Z,lose,65,仙台,87,away,3101,ゼビオ,0
11,11.23,越谷,lose,88,福岡,94,home,555,獨協大学,0
11,11.23,福岡,win,94,越谷,88,away,555,獨協大学,0
11,11.23,奈良,win,95,群馬,77,home,759,五條,0
11,11.23,群馬,lose,77,奈良,95,away,759,五條,0
11,11.24,仙台,lose,66,東京Z,68,home,3544,ゼビオ,0
11,11.24,東京Z,win,68,仙台,66,away,3544,ゼビオ,0
11,11.24,越谷,lose,94,福岡,97,home,526,獨協大学,0
11,11.24,福岡,win,97,越谷,94,away,526,獨協大学,0
11,11.24,信州,win,93,熊本,60,home,2041,ホワイト,0
11,11.24,熊本,lose,60,信州,93,away,2041,ホワイト,0
11,11.24,FE名古屋,lose,71,広島,74,home,1512,中村,0
11,11.24,広島,win,74,FE名古屋,71,away,1512,中村,0
11,11.24,奈良,win,99,群馬,69,home,986,五條,0
11,11.24,群馬,lose,69,奈良,99,away,986,五條,0
11,11.25,福島,lose,72,香川,85,home,782,郡山総合,0
11,11.25,香川,win,85,福島,72,away,782,郡山総合,0
11,11.26,福島,win,86,香川,112,home,893,郡山総合,0
11,11.26,香川,lose,112,福島,86,away,893,郡山総合,0
12,12.05,青森,lose,60,茨城,89,home,912,黒石,0
12,12.05,茨城,win,89,青森,60,away,912,黒石,0
12,12.05,東京Z,lose,55,愛媛,65,home,1012,大田区,0
12,12.05,愛媛,win,65,東京Z,55,away,1012,大田区,0
12,12.06,青森,lose,60,茨城,82,home,1045,黒石,0
12,12.06,茨城,win,82,青森,60,away,1045,黒石,0
12,12.06,群馬,lose,62,西宮,64,home,1002,伊勢崎,0
12,12.06,西宮,win,64,群馬,62,away,1002,伊勢崎,0
12,12.06,東京EX,lose,67,信州,80,home,713,小豆沢,0
12,12.06,信州,win,80,東京EX,67,away,713,小豆沢,0
12,12.06,東京Z,lose,51,愛媛,73,home,1121,大田区,0
12,12.06,愛媛,win,73,東京Z,51,away,1121,大田区,0
12,12.07,群馬,win,76,西宮,71,home,1083,伊勢崎,0
12,12.07,西宮,lose,71,群馬,76,away,1083,伊勢崎,0
12,12.07,東京EX,win,79,信州,69,home,1114,小豆沢,0
12,12.07,信州,lose,69,東京EX,79,away,1114,小豆沢,0
12,12.07,広島,win,79,仙台,65,home,1568,福山,0
12,12.07,仙台,lose,65,広島,79,away,1568,福山,0
12,12.07,越谷,lose,73,福島,80,home,1028,越谷M,0
12,12.07,福島,win,80,越谷,73,away,1028,越谷M,0
12,12.07,山形,lose,82,熊本,89,home,1416,山形県総,0
12,12.07,熊本,win,89,山形,82,away,1416,山形県総,0
12,12.07,香川,win,82,FE名古屋,101,home,1131,高松総合,0
12,12.07,FE名古屋,lose,101,香川,82,away,1131,高松総合,0
12,12.07,福岡,lose,73,奈良,78,home,1147,照葉積水,0
12,12.07,奈良,win,78,福岡,73,away,1147,照葉積水,0
12,12.08,香川,win,94,FE名古屋,81,home,1217,高松総合,0
12,12.08,FE名古屋,lose,81,香川,94,away,1217,高松総合,0
12,12.08,広島,lose,71,仙台,80,home,2465,福山,0
12,12.08,仙台,win,80,広島,71,away,2465,福山,0
12,12.08,山形,win,77,熊本,72,home,1823,山形県総,0
12,12.08,熊本,lose,72,山形,77,away,1823,山形県総,0
12,12.08,福岡,lose,88,奈良,91,home,1267,照葉積水,0
12,12.08,奈良,win,91,福岡,88,away,1267,照葉積水,0
12,12.08,越谷,win,84,福島,77,home,1588,越谷M,0
12,12.08,福島,lose,77,越谷,84,away,1588,越谷M,0
13,12.11,山形,lose,80,茨城,89,home,1278,山形県総,0
13,12.11,茨城,win,89,山形,80,away,1278,山形県総,0
13,12.11,福島,lose,81,青森,84,home,1485,郡山総合,0
13,12.11,青森,win,84,福島,81,away,1485,郡山総合,0
13,12.11,群馬,win,70,仙台,66,home,725,みどり,0
13,12.11,仙台,lose,66,群馬,70,away,725,みどり,0
13,12.11,東京EX,lose,67,FE名古屋,89,home,377,小豆沢,0
13,12.11,FE名古屋,win,89,東京EX,67,away,377,小豆沢,0
13,12.11,信州,win,95,越谷,51,home,1109,ホワイト,0
13,12.11,越谷,lose,51,信州,95,away,1109,ホワイト,0
13,12.11,西宮,lose,62,東京Z,63,home,1163,西宮中央,0
13,12.11,東京Z,win,63,西宮,62,away,1163,西宮中央,0
13,12.11,奈良,lose,92,愛媛,95,home,650,Jアリ,0
13,12.11,愛媛,win,95,奈良,92,away,650,Jアリ,0
13,12.11,福岡,win,77,広島,104,home,845,照葉積水,0
13,12.11,広島,lose,104,福岡,77,away,845,照葉積水,0
13,12.11,熊本,win,85,香川,103,home,1461,合志市総,0
13,12.11,香川,lose,103,熊本,85,away,1461,合志市総,0
14,12.13,仙台,win,95,東京EX,89,home,1845,ゼビオ,0
14,12.13,東京EX,lose,89,仙台,95,away,1845,ゼビオ,0
14,12.13,群馬,lose,81,広島,85,home,805,みどり,0
14,12.13,広島,win,85,群馬,81,away,805,みどり,0
14,12.14,群馬,win,93,広島,81,home,978,みどり,0
14,12.14,広島,lose,81,群馬,93,away,978,みどり,0
14,12.14,FE名古屋,lose,102,奈良,80,home,1026,千種,0
14,12.14,奈良,win,80,FE名古屋,102,away,1026,千種,0
14,12.14,愛媛,win,93,熊本,88,home,520,伊予市民,0
14,12.14,熊本,lose,88,愛媛,93,away,520,伊予市民,0
14,12.14,福島,lose,85,山形,86,home,1096,郡山総合,0
14,12.14,山形,win,86,福島,85,away,1096,郡山総合,0
14,12.14,茨城,win,78,東京Z,73,home,1883,神栖防災,0
14,12.14,東京Z,lose,73,茨城,78,away,1883,神栖防災,0
14,12.14,越谷,win,77,西宮,76,home,462,埼玉県大,0
14,12.14,西宮,lose,76,越谷,77,away,462,埼玉県大,0
14,12.14,仙台,win,90,東京EX,85,home,3347,ゼビオ,0
14,12.14,東京EX,lose,85,仙台,90,away,3347,ゼビオ,0
14,12.14,青森,lose,77,香川,96,home,1481,八戸東,0
14,12.14,香川,win,96,青森,77,away,1481,八戸東,0
14,12.14,信州,win,89,福岡,63,home,1349,ホワイト,0
14,12.14,福岡,lose,63,信州,89,away,1349,ホワイト,0
14,12.15,越谷,win,83,西宮,79,home,467,埼玉県大,0
14,12.15,西宮,lose,79,越谷,83,away,467,埼玉県大,0
14,12.15,福島,win,82,山形,75,home,1774,郡山総合,0
14,12.15,山形,lose,75,福島,82,away,1774,郡山総合,0
14,12.15,青森,win,75,香川,71,home,1680,八戸東,0
14,12.15,香川,lose,71,青森,75,away,1680,八戸東,0
14,12.15,信州,win,82,福岡,44,home,1629,ホワイト,0
14,12.15,福岡,lose,44,信州,82,away,1629,ホワイト,0
14,12.15,FE名古屋,win,81,奈良,67,home,1351,千種,0
14,12.15,奈良,lose,67,FE名古屋,81,away,1351,千種,0
14,12.15,愛媛,win,89,熊本,82,home,765,伊予市民,0
14,12.15,熊本,lose,82,愛媛,89,away,765,伊予市民,0
14,12.15,茨城,win,85,東京Z,53,home,2007,神栖防災,0
14,12.15,東京Z,lose,53,茨城,85,away,2007,神栖防災,0
15,12.20,越谷,lose,63,群馬,70,home,507,行田市,0
15,12.20,群馬,win,70,越谷,63,away,507,行田市,0
15,12.20,東京EX,win,81,広島,101,home,838,小豆沢,0
15,12.20,広島,lose,101,東京EX,81,away,838,小豆沢,0
15,12.20,香川,win,82,福岡,79,home,826,高松総合,0
15,12.20,福岡,lose,79,香川,82,away,826,高松総合,0
15,12.21,越谷,lose,50,群馬,82,home,475,行田市,0
15,12.21,群馬,win,82,越谷,50,away,475,行田市,0
15,12.21,東京EX,win,91,広島,105,home,733,小豆沢,0
15,12.21,広島,lose,105,東京EX,91,away,733,小豆沢,0
15,12.21,東京Z,lose,85,奈良,90,home,943,片柳アリ,0
15,12.21,奈良,win,90,東京Z,85,away,943,片柳アリ,0
15,12.21,FE名古屋,lose,68,仙台,77,home,955,千種,0
15,12.21,仙台,win,77,FE名古屋,68,away,955,千種,0
15,12.21,香川,win,84,福岡,83,home,1204,高松総合,0
15,12.21,福岡,lose,83,香川,84,away,1204,高松総合,0
15,12.21,茨城,win,72,愛媛,65,home,2612,ADみと,0
15,12.21,愛媛,lose,65,茨城,72,away,2612,ADみと,0
15,12.21,西宮,lose,104,福島,90,home,1681,西宮中央,0
15,12.21,福島,win,90,西宮,104,away,1681,西宮中央,0
15,12.21,熊本,lose,60,信州,64,home,1628,熊本県総,0
15,12.21,信州,win,64,熊本,60,away,1628,熊本県総,0
15,12.21,山形,lose,61,青森,90,home,1612,山形県総,0
15,12.21,青森,win,90,山形,61,away,1612,山形県総,0
15,12.22,東京Z,win,91,奈良,105,home,1194,片柳アリ,0
15,12.22,奈良,lose,105,東京Z,91,away,1194,片柳アリ,0
15,12.22,山形,lose,70,青森,83,home,1428,山形県総,0
15,12.22,青森,win,83,山形,70,away,1428,山形県総,0
15,12.22,茨城,win,91,愛媛,71,home,2458,ADみと,0
15,12.22,愛媛,lose,71,茨城,91,away,2458,ADみと,0
15,12.22,FE名古屋,lose,62,仙台,73,home,960,千種,0
15,12.22,仙台,win,73,FE名古屋,62,away,960,千種,0
15,12.22,西宮,win,90,福島,89,home,1830,西宮中央,0
15,12.22,福島,lose,89,西宮,90,away,1830,西宮中央,0
15,12.22,熊本,win,60,信州,105,home,2020,熊本県総,0
15,12.22,信州,lose,105,熊本,60,away,2020,熊本県総,0
16,12.27,福岡,win,84,西宮,83,home,914,北九総合,0
16,12.27,西宮,lose,83,福岡,84,away,914,北九総合,0
16,12.28,福岡,lose,71,西宮,77,home,1145,北九総合,0
16,12.28,西宮,win,77,福岡,71,away,1145,北九総合,0
16,12.28,仙台,win,69,山形,54,home,2521,ゼビオ,0
16,12.28,山形,lose,54,仙台,69,away,2521,ゼビオ,0
16,12.28,茨城,win,99,東京EX,94,home,1812,ADみと,0
16,12.28,東京EX,lose,94,茨城,99,away,1812,ADみと,0
16,12.28,熊本,lose,70,東京Z,82,home,1631,熊本県総,0
16,12.28,東京Z,win,82,熊本,70,away,1631,熊本県総,0
16,12.28,青森,lose,101,愛媛,88,home,1133,黒石,0
16,12.28,愛媛,win,88,青森,101,away,1133,黒石,0
16,12.28,奈良,lose,81,越谷,93,home,1103,ならアリ,0
16,12.28,越谷,win,93,奈良,81,away,1103,ならアリ,0
16,12.28,信州,win,86,FE名古屋,68,home,1634,ことアリ,0
16,12.28,FE名古屋,lose,68,信州,86,away,1634,ことアリ,0
16,12.29,仙台,win,87,山形,66,home,3801,ゼビオ,0
16,12.29,山形,lose,66,仙台,87,away,3801,ゼビオ,0
16,12.29,青森,lose,78,愛媛,82,home,1566,黒石,0
16,12.29,愛媛,win,82,青森,78,away,1566,黒石,0
16,12.29,茨城,win,86,東京EX,77,home,3512,ADみと,0
16,12.29,東京EX,lose,77,茨城,86,away,3512,ADみと,0
16,12.29,信州,win,79,FE名古屋,58,home,2506,ことアリ,0
16,12.29,FE名古屋,lose,58,信州,79,away,2506,ことアリ,0
16,12.29,奈良,lose,101,越谷,86,home,1492,ならアリ,0
16,12.29,越谷,win,86,奈良,101,away,1492,ならアリ,0
16,12.29,熊本,win,71,東京Z,70,home,2426,熊本県総,0
16,12.29,東京Z,lose,70,熊本,71,away,2426,熊本県総,0
16,12.29,広島,win,91,福島,78,home,3212,サンプラ,0
16,12.29,福島,lose,78,広島,91,away,3212,サンプラ,0
16,12.30,広島,win,84,福島,66,home,3703,サンプラ,0
16,12.30,福島,lose,66,広島,84,away,3703,サンプラ,0
16,12.30,群馬,win,91,香川,65,home,1207,市民前橋,0
16,12.30,香川,lose,65,群馬,91,away,1207,市民前橋,0
16,12.31,群馬,lose,103,香川,109,home,1316,市民前橋,0
16,12.31,香川,win,109,群馬,103,away,1316,市民前橋,0
17,01.04,山形,win,96,奈良,91,home,1367,三友体文,0
17,01.04,奈良,lose,91,山形,96,away,1367,三友体文,0
17,01.04,FE名古屋,win,76,越谷,56,home,1188,千種,0
17,01.04,越谷,lose,56,FE名古屋,76,away,1188,千種,0
17,01.04,愛媛,lose,106,香川,86,home,1165,コミセン,0
17,01.04,香川,win,86,愛媛,106,away,1165,コミセン,0
17,01.04,群馬,win,96,熊本,72,home,952,市民前橋,0
17,01.04,熊本,lose,72,群馬,96,away,952,市民前橋,0
17,01.04,東京Z,lose,69,青森,72,home,1163,大田区,0
17,01.04,青森,win,72,東京Z,69,away,1163,大田区,0
17,01.04,西宮,lose,104,東京EX,94,home,1406,西宮中央,0
17,01.04,東京EX,win,94,西宮,104,away,1406,西宮中央,0
17,01.04,福島,lose,58,信州,62,home,1023,郡山総合,0
17,01.04,信州,win,62,福島,58,away,1023,郡山総合,0
17,01.04,広島,win,77,茨城,75,home,2271,サンプラ,0
17,01.04,茨城,lose,75,広島,77,away,2271,サンプラ,0
17,01.04,福岡,lose,79,仙台,81,home,934,照葉積水,0
17,01.04,仙台,win,81,福岡,79,away,934,照葉積水,0
17,01.05,群馬,lose,71,熊本,72,home,1015,市民前橋,0
17,01.05,熊本,win,72,群馬,71,away,1015,市民前橋,0
17,01.05,福島,win,68,信州,64,home,1079,郡山総合,0
17,01.05,信州,lose,64,福島,68,away,1079,郡山総合,0
17,01.05,広島,win,87,茨城,72,home,2335,サンプラ,0
17,01.05,茨城,lose,72,広島,87,away,2335,サンプラ,0
17,01.05,山形,win,91,奈良,101,home,1596,三友体文,0
17,01.05,奈良,lose,101,山形,91,away,1596,三友体文,0
17,01.05,東京Z,lose,69,青森,84,home,1073,大田区,0
17,01.05,青森,win,84,東京Z,69,away,1073,大田区,0
17,01.05,FE名古屋,lose,85,越谷,88,home,1002,千種,0
17,01.05,越谷,win,88,FE名古屋,85,away,1002,千種,0
17,01.05,西宮,win,88,東京EX,77,home,1314,西宮中央,0
17,01.05,東京EX,lose,77,西宮,88,away,1314,西宮中央,0
17,01.05,愛媛,win,94,香川,101,home,1040,コミセン,0
17,01.05,香川,lose,101,愛媛,94,away,1040,コミセン,0
17,01.05,福岡,lose,60,仙台,67,home,958,照葉積水,0
17,01.05,仙台,win,67,福岡,60,away,958,照葉積水,0
18,01.16,東京Z,lose,74,越谷,80,home,1078,大田区,0
18,01.16,越谷,win,80,東京Z,74,away,1078,大田区,0
18,01.16,熊本,lose,91,広島,99,home,1409,熊本県総,0
18,01.16,広島,win,99,熊本,91,away,1409,熊本県総,0
18,01.17,東京Z,lose,61,越谷,70,home,1515,大田区,0
18,01.17,越谷,win,70,東京Z,61,away,1515,大田区,0
18,01.17,愛媛,lose,72,信州,85,home,1425,コミセン,0
18,01.17,信州,win,85,愛媛,72,away,1425,コミセン,0
18,01.17,熊本,win,75,広島,70,home,2361,熊本県総,0
18,01.17,広島,lose,70,熊本,75,away,2361,熊本県総,0
18,01.18,FE名古屋,win,77,西宮,74,home,972,中村,0
18,01.18,西宮,lose,74,FE名古屋,77,away,972,中村,0
18,01.18,愛媛,lose,74,信州,96,home,1490,コミセン,0
18,01.18,信州,win,96,愛媛,74,away,1490,コミセン,0
18,01.18,茨城,lose,102,福島,70,home,1553,ADみと,0
18,01.18,福島,win,70,茨城,102,away,1553,ADみと,0
18,01.18,青森,lose,75,仙台,87,home,1342,三沢国際,0
18,01.18,仙台,win,87,青森,75,away,1342,三沢国際,0
18,01.18,奈良,lose,105,福岡,81,home,757,ならアリ,0
18,01.18,福岡,win,81,奈良,105,away,757,ならアリ,0
18,01.18,香川,win,81,山形,59,home,769,高松総合,0
18,01.18,山形,lose,59,香川,81,away,769,高松総合,0
18,01.18,東京EX,lose,69,群馬,81,home,664,小豆沢,0
18,01.18,群馬,win,81,東京EX,69,away,664,小豆沢,0
18,01.19,香川,win,86,山形,76,home,1011,高松総合,0
18,01.19,山形,lose,76,香川,86,away,1011,高松総合,0
18,01.19,青森,win,81,仙台,79,home,1639,三沢国際,0
18,01.19,仙台,lose,79,青森,81,away,1639,三沢国際,0
18,01.19,茨城,win,88,福島,78,home,2277,ADみと,0
18,01.19,福島,lose,78,茨城,88,away,2277,ADみと,0
18,01.19,東京EX,lose,81,群馬,85,home,1006,小豆沢,0
18,01.19,群馬,win,85,東京EX,81,away,1006,小豆沢,0
18,01.19,FE名古屋,lose,75,西宮,85,home,1181,中村,0
18,01.19,西宮,win,85,FE名古屋,75,away,1181,中村,0
18,01.19,奈良,lose,94,福岡,97,home,1124,ならアリ,0
18,01.19,福岡,win,97,奈良,94,away,1124,ならアリ,0
19,01.24,福岡,win,76,愛媛,73,home,652,みづま総,0
19,01.24,愛媛,lose,73,福岡,76,away,652,みづま総,0
19,01.24,茨城,win,95,山形,73,home,1259,ADみと,0
19,01.24,山形,lose,73,茨城,95,away,1259,ADみと,0
19,01.25,広島,win,87,香川,76,home,1710,呉,0
19,01.25,香川,lose,76,広島,87,away,1710,呉,0
19,01.25,福岡,win,81,愛媛,103,home,685,みづま総,0
19,01.25,愛媛,lose,103,福岡,81,away,685,みづま総,0
19,01.25,茨城,win,87,山形,81,home,1486,ADみと,0
19,01.25,山形,lose,81,茨城,87,away,1486,ADみと,0
19,01.25,仙台,win,89,福島,80,home,3216,ゼビオ,0
19,01.25,福島,lose,80,仙台,89,away,3216,ゼビオ,0
19,01.25,群馬,lose,77,奈良,91,home,2102,市民前橋,0
19,01.25,奈良,win,91,群馬,77,away,2102,市民前橋,0
19,01.25,越谷,win,78,青森,72,home,449,ふじアリ,0
19,01.25,青森,lose,72,越谷,78,away,449,ふじアリ,0
19,01.25,東京Z,lose,64,FE名古屋,69,home,1464,大田区,0
19,01.25,FE名古屋,win,69,東京Z,64,away,1464,大田区,0
19,01.25,西宮,win,86,熊本,80,home,1890,西宮中央,0
19,01.25,熊本,lose,80,西宮,86,away,1890,西宮中央,0
19,01.25,信州,win,72,東京EX,61,home,1624,ことアリ,0
19,01.25,東京EX,lose,61,信州,72,away,1624,ことアリ,0
19,01.26,仙台,win,72,福島,65,home,3539,ゼビオ,0
19,01.26,福島,lose,65,仙台,72,away,3539,ゼビオ,0
19,01.26,群馬,lose,116,奈良,63,home,2107,市民前橋,0
19,01.26,奈良,win,63,群馬,116,away,2107,市民前橋,0
19,01.26,越谷,lose,69,青森,90,home,551,ふじアリ,0
19,01.26,青森,win,90,越谷,69,away,551,ふじアリ,0
19,01.26,広島,win,97,香川,67,home,2076,呉,0
19,01.26,香川,lose,67,広島,97,away,2076,呉,0
19,01.26,東京Z,lose,71,FE名古屋,74,home,1251,大田区,0
19,01.26,FE名古屋,win,74,東京Z,71,away,1251,大田区,0
19,01.26,信州,win,73,東京EX,49,home,1812,ことアリ,0
19,01.26,東京EX,lose,49,信州,73,away,1812,ことアリ,0
19,01.26,西宮,win,80,熊本,71,home,1919,西宮中央,0
19,01.26,熊本,lose,71,西宮,80,away,1919,西宮中央,0
20,01.29,山形,lose,68,仙台,79,home,1196,山形県総,0
20,01.29,仙台,win,79,山形,68,away,1196,山形県総,0
20,01.29,青森,win,87,茨城,75,home,741,五所川原,0
20,01.29,茨城,lose,75,青森,87,away,741,五所川原,0
20,01.29,福島,lose,67,群馬,91,home,1034,郡山総合,0
20,01.29,群馬,win,91,福島,67,away,1034,郡山総合,0
20,01.29,越谷,win,65,東京EX,103,home,407,越谷S,0
20,01.29,東京EX,lose,103,越谷,65,away,407,越谷S,0
20,01.29,信州,win,92,東京Z,72,home,1151,ホワイト,0
20,01.29,東京Z,lose,72,信州,92,away,1151,ホワイト,0
20,01.29,FE名古屋,lose,71,西宮,73,home,855,千種,0
20,01.29,西宮,win,73,FE名古屋,71,away,855,千種,0
20,01.29,奈良,win,87,香川,57,home,662,ならアリ,0
20,01.29,香川,lose,57,奈良,87,away,662,ならアリ,0
20,01.29,広島,lose,85,愛媛,89,home,2434,サンプラ,0
20,01.29,愛媛,win,89,広島,85,away,2434,サンプラ,0
20,01.29,熊本,win,91,福岡,87,home,1462,熊本県総,0
20,01.29,福岡,lose,87,熊本,91,away,1462,熊本県総,0
21,02.01,茨城,win,78,福島,74,home,1823,ADみと,0
21,02.01,福島,lose,74,茨城,78,away,1823,ADみと,0
21,02.01,FE名古屋,win,90,群馬,80,home,936,千種,0
21,02.01,群馬,lose,80,FE名古屋,90,away,936,千種,0
21,02.01,愛媛,lose,74,福岡,86,home,520,伊方SC,0
21,02.01,福岡,win,86,愛媛,74,away,520,伊方SC,0
21,02.01,仙台,win,89,熊本,65,home,2208,ゼビオ,0
21,02.01,熊本,lose,65,仙台,89,away,2208,ゼビオ,0
21,02.01,東京Z,lose,67,広島,76,home,1560,大田区,0
21,02.01,広島,win,76,東京Z,67,away,1560,大田区,0
21,02.01,青森,win,68,信州,62,home,1276,五所川原,0
21,02.01,信州,lose,62,青森,68,away,1276,五所川原,0
21,02.01,山形,lose,78,越谷,88,home,1391,山形県総,0
21,02.01,越谷,win,88,山形,78,away,1391,山形県総,0
21,02.01,奈良,lose,92,東京EX,96,home,1225,ならアリ,0
21,02.01,東京EX,win,96,奈良,92,away,1225,ならアリ,0
21,02.01,香川,win,89,西宮,84,home,667,土庄総合,0
21,02.01,西宮,lose,84,香川,89,away,667,土庄総合,0
21,02.02,香川,lose,75,西宮,76,home,771,土庄総合,0
21,02.02,西宮,win,76,香川,75,away,771,土庄総合,0
21,02.02,仙台,win,83,熊本,75,home,3345,ゼビオ,0
21,02.02,熊本,lose,75,仙台,83,away,3345,ゼビオ,0
21,02.02,青森,lose,57,信州,92,home,1546,五所川原,0
21,02.02,信州,win,92,青森,57,away,1546,五所川原,0
21,02.02,山形,lose,80,越谷,81,home,2141,山形県総,0
21,02.02,越谷,win,81,山形,80,away,2141,山形県総,0
21,02.02,FE名古屋,lose,78,群馬,90,home,961,千種,0
21,02.02,群馬,win,90,FE名古屋,78,away,961,千種,0
21,02.02,奈良,lose,80,東京EX,87,home,1381,ならアリ,0
21,02.02,東京EX,win,87,奈良,80,away,1381,ならアリ,0
21,02.02,愛媛,win,90,福岡,87,home,533,伊方SC,0
21,02.02,福岡,lose,87,愛媛,90,away,533,伊方SC,0
21,02.02,茨城,win,90,福島,72,home,2558,ADみと,0
21,02.02,福島,lose,72,茨城,90,away,2558,ADみと,0
21,02.02,東京Z,lose,72,広島,93,home,1463,大田区,0
21,02.02,広島,win,93,東京Z,72,away,1463,大田区,0
22,02.07,東京EX,lose,81,香川,86,home,522,小豆沢,0
22,02.07,香川,win,86,東京EX,81,away,522,小豆沢,0
22,02.08,東京EX,win,97,香川,75,home,712,小豆沢,0
22,02.08,香川,lose,75,東京EX,97,away,712,小豆沢,0
22,02.08,信州,win,91,山形,54,home,1831,ホワイト,0
22,02.08,山形,lose,54,信州,91,away,1831,ホワイト,0
22,02.08,FE名古屋,lose,83,愛媛,85,home,817,千種,0
22,02.08,愛媛,win,85,FE名古屋,83,away,817,千種,0
22,02.08,越谷,lose,68,仙台,85,home,1659,越谷M,0
22,02.08,仙台,win,85,越谷,68,away,1659,越谷M,0
22,02.08,福島,win,76,青森,67,home,785,白河中央,0
22,02.08,青森,lose,67,福島,76,away,785,白河中央,0
22,02.08,群馬,win,79,茨城,73,home,858,市民前橋,0
22,02.08,茨城,lose,73,群馬,79,away,858,市民前橋,0
22,02.08,西宮,win,72,東京Z,65,home,1358,宝塚市立,0
22,02.08,東京Z,lose,65,西宮,72,away,1358,宝塚市立,0
22,02.08,広島,lose,108,奈良,99,home,1900,サンプラ,0
22,02.08,奈良,win,99,広島,108,away,1900,サンプラ,0
22,02.08,福岡,lose,65,熊本,88,home,1825,照葉積水,0
22,02.08,熊本,win,88,福岡,65,away,1825,照葉積水,0
22,02.09,群馬,win,88,茨城,60,home,1759,市民前橋,0
22,02.09,茨城,lose,60,群馬,88,away,1759,市民前橋,0
22,02.09,福島,win,89,青森,80,home,1022,白河中央,0
22,02.09,青森,lose,80,福島,89,away,1022,白河中央,0
22,02.09,広島,win,91,奈良,84,home,2239,サンプラ,0
22,02.09,奈良,lose,84,広島,91,away,2239,サンプラ,0
22,02.09,信州,win,78,山形,52,home,2186,ホワイト,0
22,02.09,山形,lose,52,信州,78,away,2186,ホワイト,0
22,02.09,FE名古屋,win,89,愛媛,60,home,1076,千種,0
22,02.09,愛媛,lose,60,FE名古屋,89,away,1076,千種,0
22,02.09,西宮,lose,102,東京Z,93,home,1409,宝塚市立,0
22,02.09,東京Z,win,93,西宮,102,away,1409,宝塚市立,0
22,02.09,福岡,lose,86,熊本,93,home,2702,照葉積水,0
22,02.09,熊本,win,93,福岡,86,away,2702,照葉積水,0
22,02.09,越谷,lose,55,仙台,58,home,1609,越谷M,0
22,02.09,仙台,win,58,越谷,55,away,1609,越谷M,0
23,02.14,福岡,lose,78,群馬,80,home,647,照葉積水,0
23,02.14,群馬,win,80,福岡,78,away,647,照葉積水,0
23,02.15,愛媛,win,95,越谷,83,home,1122,コミセン,0
23,02.15,越谷,lose,83,愛媛,95,away,1122,コミセン,0
23,02.15,福岡,lose,64,群馬,83,home,1232,照葉積水,0
23,02.15,群馬,win,83,福岡,64,away,1232,照葉積水,0
23,02.15,茨城,win,87,FE名古屋,84,home,2012,ADみと,0
23,02.15,FE名古屋,lose,84,茨城,87,away,2012,ADみと,0
23,02.15,東京Z,lose,48,仙台,58,home,1814,大田区,0
23,02.15,仙台,win,58,東京Z,48,away,1814,大田区,0
23,02.15,西宮,lose,49,信州,58,home,1320,西宮中央,0
23,02.15,信州,win,58,西宮,49,away,1320,西宮中央,0
23,02.15,熊本,lose,81,東京EX,83,home,2084,熊本県総,0
23,02.15,東京EX,win,83,熊本,81,away,2084,熊本県総,0
23,02.15,山形,lose,82,広島,84,home,983,山形県総,0
23,02.15,広島,win,84,山形,82,away,983,山形県総,0
23,02.15,奈良,lose,89,青森,99,home,887,ならアリ,0
23,02.15,青森,win,99,奈良,89,away,887,ならアリ,0
23,02.15,香川,win,90,福島,81,home,792,高松総合,0
23,02.15,福島,lose,81,香川,90,away,792,高松総合,0
23,02.16,香川,lose,66,福島,71,home,1015,高松総合,0
23,02.16,福島,win,71,香川,66,away,1015,高松総合,0
23,02.16,山形,lose,65,広島,82,home,2008,山形県総,0
23,02.16,広島,win,82,山形,65,away,2008,山形県総,0
23,02.16,茨城,win,81,FE名古屋,74,home,2238,ADみと,0
23,02.16,FE名古屋,lose,74,茨城,81,away,2238,ADみと,0
23,02.16,西宮,lose,62,信州,72,home,1559,西宮中央,0
23,02.16,信州,win,72,西宮,62,away,1559,西宮中央,0
23,02.16,奈良,lose,68,青森,76,home,1007,ならアリ,0
23,02.16,青森,win,76,奈良,68,away,1007,ならアリ,0
23,02.16,愛媛,win,80,越谷,76,home,1234,コミセン,0
23,02.16,越谷,lose,76,愛媛,80,away,1234,コミセン,0
23,02.16,熊本,lose,104,東京EX,91,home,1934,熊本県総,0
23,02.16,東京EX,win,91,熊本,104,away,1934,熊本県総,0
23,02.16,東京Z,lose,66,仙台,76,home,1762,大田区,0
23,02.16,仙台,win,76,東京Z,66,away,1762,大田区,0
24,02.21,仙台,lose,68,西宮,71,home,1711,カメイ,0
24,02.21,西宮,win,71,仙台,68,away,1711,カメイ,0
24,02.22,仙台,win,80,西宮,61,home,2215,カメイ,0
24,02.22,西宮,lose,61,仙台,80,away,2215,カメイ,0
24,02.22,FE名古屋,win,92,福岡,77,home,808,中村,0
24,02.22,福岡,lose,77,FE名古屋,92,away,808,中村,0
24,02.22,信州,win,85,茨城,68,home,1531,ホワイト,0
24,02.22,茨城,lose,68,信州,85,away,1531,ホワイト,0
24,02.22,熊本,win,91,奈良,81,home,918,熊本県総,0
24,02.22,奈良,lose,81,熊本,91,away,918,熊本県総,0
24,02.22,青森,win,81,東京EX,79,home,1354,八戸東,0
24,02.22,東京EX,lose,79,青森,81,away,1354,八戸東,0
24,02.22,山形,lose,67,群馬,71,home,1112,山形県総,0
24,02.22,群馬,win,71,山形,67,away,1112,山形県総,0
24,02.22,福島,win,90,愛媛,88,home,1053,郡山総合,0
24,02.22,愛媛,lose,88,福島,90,away,1053,郡山総合,0
24,02.22,東京Z,win,84,越谷,79,home,1312,大田区,0
24,02.22,越谷,lose,79,東京Z,84,away,1312,大田区,0
24,02.22,広島,win,95,香川,64,home,1957,サンプラ,0
24,02.22,香川,lose,64,広島,95,away,1957,サンプラ,0
24,02.23,信州,win,88,茨城,48,home,1928,ホワイト,0
24,02.23,茨城,lose,48,信州,88,away,1928,ホワイト,0
24,02.23,福島,win,71,愛媛,67,home,1271,郡山総合,0
24,02.23,愛媛,lose,67,福島,71,away,1271,郡山総合,0
24,02.23,広島,lose,109,香川,62,home,2020,サンプラ,0
24,02.23,香川,win,62,広島,109,away,2020,サンプラ,0
24,02.23,青森,lose,62,東京EX,72,home,1499,八戸東,0
24,02.23,東京EX,win,72,青森,62,away,1499,八戸東,0
24,02.23,山形,lose,81,群馬,86,home,1397,山形県総,0
24,02.23,群馬,win,86,山形,81,away,1397,山形県総,0
24,02.23,FE名古屋,win,97,福岡,73,home,1111,中村,0
24,02.23,福岡,lose,73,FE名古屋,97,away,1111,中村,0
24,02.23,熊本,win,86,奈良,78,home,1301,熊本県総,0
24,02.23,奈良,lose,78,熊本,86,away,1301,熊本県総,0
24,02.23,東京Z,win,70,越谷,60,home,1269,大田区,0
24,02.23,越谷,lose,60,東京Z,70,away,1269,大田区,0
28,03.14,越谷,win,84,東京Z,80,home,0,越谷M,0
28,03.14,東京Z,lose,80,越谷,84,away,0,越谷M,0
28,03.14,青森,lose,74,群馬,96,home,0,八戸東,0
28,03.14,群馬,win,96,青森,74,away,0,八戸東,0
28,03.14,山形,win,76,茨城,73,home,0,山形県総,0
28,03.14,茨城,lose,73,山形,76,away,0,山形県総,0
28,03.14,福島,lose,69,仙台,75,home,0,郡山総合,0
28,03.14,仙台,win,75,福島,69,away,0,郡山総合,0
28,03.14,奈良,lose,82,福岡,89,home,0,Jアリ,0
28,03.14,福岡,win,89,奈良,82,away,0,Jアリ,0
28,03.14,広島,lose,100,熊本,73,home,0,サンプラ,0
28,03.14,熊本,win,73,広島,100,away,0,サンプラ,0
28,03.14,東京EX,win,80,FE名古屋,114,home,0,小豆沢,0
28,03.14,FE名古屋,lose,114,東京EX,80,away,0,小豆沢,0
28,03.14,信州,win,81,西宮,63,home,0,ホワイト,0
28,03.14,西宮,lose,63,信州,81,away,0,ホワイト,0
28,03.14,香川,lose,77,愛媛,98,home,0,観音寺,0
28,03.14,愛媛,win,98,香川,77,away,0,観音寺,0
28,03.15,福島,win,74,仙台,69,home,0,郡山総合,0
28,03.15,仙台,lose,69,福島,74,away,0,郡山総合,0
28,03.15,広島,lose,111,熊本,63,home,0,サンプラ,0
28,03.15,熊本,win,63,広島,111,away,0,サンプラ,0
28,03.15,青森,win,85,群馬,104,home,0,八戸東,0
28,03.15,群馬,lose,104,青森,85,away,0,八戸東,0
28,03.15,山形,lose,73,茨城,86,home,0,山形県総,0
28,03.15,茨城,win,86,山形,73,away,0,山形県総,0
28,03.15,信州,win,78,西宮,72,home,0,ホワイト,0
28,03.15,西宮,lose,72,信州,78,away,0,ホワイト,0
28,03.15,奈良,win,95,福岡,82,home,0,Jアリ,0
28,03.15,福岡,lose,82,奈良,95,away,0,Jアリ,0
28,03.15,香川,lose,100,愛媛,91,home,0,観音寺,0
28,03.15,愛媛,win,91,香川,100,away,0,観音寺,0
28,03.15,越谷,lose,63,東京Z,88,home,0,越谷M,0
28,03.15,東京Z,win,88,越谷,63,away,0,越谷M,0
28,03.15,東京EX,win,78,FE名古屋,112,home,0,小豆沢,0
28,03.15,FE名古屋,lose,112,東京EX,78,away,0,小豆沢,0
