setu,date,home_team,home_victory,home_score,away_team,away_score,home_away,attendance,arena
1,10.04,千葉,lose,72,川崎,81,home,5067,船橋
1,10.04,川崎,win,81,千葉,72,away,5067,船橋
1,10.06,秋田,lose,67,琉球,84,home,3873,CNA
1,10.06,琉球,win,84,秋田,67,away,3873,CNA
1,10.06,三遠,win,77,京都,64,home,2146,豊橋
1,10.06,京都,lose,64,三遠,77,away,2146,豊橋
1,10.06,滋賀,lose,73,新潟,78,home,2568,ウカル
1,10.06,新潟,win,78,滋賀,73,away,2568,ウカル
1,10.06,北海道,lose,68,大阪,74,home,4738,北海きた
1,10.06,大阪,win,74,北海道,68,away,4738,北海きた
1,10.06,千葉,lose,66,川崎,68,home,4941,船橋
1,10.06,川崎,win,68,千葉,66,away,4941,船橋
1,10.06,A東京,win,73,SR渋谷,71,home,2787,立川立飛
1,10.06,SR渋谷,lose,71,A東京,73,away,2787,立川立飛
1,10.06,名古屋D,win,80,三河,75,home,3420,ドルアリ
1,10.06,三河,lose,75,名古屋D,80,away,3420,ドルアリ
1,10.06,富山,win,94,横浜,82,home,3903,富山市総
1,10.06,横浜,lose,82,富山,94,away,3903,富山市総
1,10.06,福岡,lose,67,栃木,79,home,3263,福岡市民
1,10.06,栃木,win,79,福岡,67,away,3263,福岡市民
1,10.07,富山,win,101,横浜,77,home,3116,富山市総
1,10.07,横浜,lose,77,富山,101,away,3116,富山市総
1,10.07,北海道,win,70,大阪,53,home,3843,北海きた
1,10.07,大阪,lose,53,北海道,70,away,3843,北海きた
1,10.07,秋田,lose,66,琉球,71,home,3788,CNA
1,10.07,琉球,win,71,秋田,66,away,3788,CNA
1,10.07,三遠,lose,88,京都,93,home,2139,豊橋
1,10.07,京都,win,93,三遠,88,away,2139,豊橋
1,10.07,滋賀,win,75,新潟,71,home,2480,ウカル
1,10.07,新潟,lose,71,滋賀,75,away,2480,ウカル
1,10.07,福岡,lose,73,栃木,82,home,3024,福岡市民
1,10.07,栃木,win,82,福岡,73,away,3024,福岡市民
1,10.07,A東京,win,87,SR渋谷,79,home,3102,立川立飛
1,10.07,SR渋谷,lose,79,A東京,87,away,3102,立川立飛
1,10.07,名古屋D,win,96,三河,93,home,3133,ドルアリ
1,10.07,三河,lose,93,名古屋D,96,away,3133,ドルアリ
2,10.11,新潟,win,84,秋田,74,home,1909,東総合
2,10.11,秋田,lose,74,新潟,84,away,1909,東総合
2,10.12,栃木,win,104,富山,84,home,3796,ブレアリ
2,10.12,富山,lose,84,栃木,104,away,3796,ブレアリ
2,10.12,川崎,win,76,滋賀,64,home,4708,とどろき
2,10.12,滋賀,lose,64,川崎,76,away,4708,とどろき
2,10.12,新潟,win,104,秋田,92,home,2053,東総合
2,10.12,秋田,lose,92,新潟,104,away,2053,東総合
2,10.12,京都,win,84,横浜,80,home,1458,ハンアリ
2,10.12,横浜,lose,80,京都,84,away,1458,ハンアリ
2,10.12,大阪,win,73,福岡,56,home,1383,住吉SC
2,10.12,福岡,lose,56,大阪,73,away,1383,住吉SC
2,10.12,琉球,win,88,名古屋D,87,home,3240,沖縄市
2,10.12,名古屋D,lose,87,琉球,88,away,3240,沖縄市
2,10.13,三河,lose,69,A東京,77,home,2912,WA刈谷
2,10.13,A東京,win,77,三河,69,away,2912,WA刈谷
2,10.13,京都,win,87,横浜,81,home,1384,ハンアリ
2,10.13,横浜,lose,81,京都,87,away,1384,ハンアリ
2,10.13,大阪,win,89,福岡,65,home,1750,住吉SC
2,10.13,福岡,lose,65,大阪,89,away,1750,住吉SC
2,10.13,琉球,win,79,名古屋D,68,home,3261,沖縄市
2,10.13,名古屋D,lose,68,琉球,79,away,3261,沖縄市
2,10.13,川崎,lose,68,滋賀,80,home,4815,とどろき
2,10.13,滋賀,win,80,川崎,68,away,4815,とどろき
2,10.13,千葉,win,70,三遠,60,home,3890,船橋
2,10.13,三遠,lose,60,千葉,70,away,3890,船橋
2,10.13,栃木,win,85,富山,80,home,4014,ブレアリ
2,10.13,富山,lose,80,栃木,85,away,4014,ブレアリ
2,10.13,SR渋谷,win,67,北海道,66,home,2749,青山学院
2,10.13,北海道,lose,66,SR渋谷,67,away,2749,青山学院
2,10.14,SR渋谷,lose,57,北海道,76,home,2544,青山学院
2,10.14,北海道,win,76,SR渋谷,57,away,2544,青山学院
2,10.14,三河,lose,55,A東京,65,home,3002,WA刈谷
2,10.14,A東京,win,65,三河,55,away,3002,WA刈谷
2,10.14,千葉,win,73,三遠,56,home,4222,船橋
2,10.14,三遠,lose,56,千葉,73,away,4222,船橋
3,10.17,北海道,lose,63,千葉,93,home,4058,北海きた
3,10.17,千葉,win,93,北海道,63,away,4058,北海きた
3,10.17,A東京,lose,74,栃木,79,home,2780,立川立飛
3,10.17,栃木,win,79,A東京,74,away,2780,立川立飛
3,10.17,SR渋谷,lose,58,秋田,63,home,1516,墨田区
3,10.17,秋田,win,63,SR渋谷,58,away,1516,墨田区
3,10.17,川崎,win,69,三河,60,home,2403,とどろき
3,10.17,三河,lose,60,川崎,69,away,2403,とどろき
3,10.17,横浜,lose,84,富山,88,home,3288,横浜文体
3,10.17,富山,win,88,横浜,84,away,3288,横浜文体
3,10.17,新潟,win,61,三遠,48,home,2957,アオーレ
3,10.17,三遠,lose,48,新潟,61,away,2957,アオーレ
3,10.17,名古屋D,win,89,福岡,76,home,2041,ドルアリ
3,10.17,福岡,lose,76,名古屋D,89,away,2041,ドルアリ
3,10.17,滋賀,lose,60,大阪,64,home,1529,ウカル
3,10.17,大阪,win,64,滋賀,60,away,1529,ウカル
3,10.17,京都,win,94,琉球,89,home,1387,向日市
3,10.17,琉球,lose,89,京都,94,away,1387,向日市
4,10.20,秋田,win,72,福岡,71,home,2475,CNA
4,10.20,福岡,lose,71,秋田,72,away,2475,CNA
4,10.20,三遠,lose,63,琉球,96,home,1436,豊橋
4,10.20,琉球,win,96,三遠,63,away,1436,豊橋
4,10.20,栃木,lose,70,北海道,72,home,2807,県南
4,10.20,北海道,win,72,栃木,70,away,2807,県南
4,10.20,A東京,win,89,川崎,67,home,2542,立川立飛
4,10.20,川崎,lose,67,A東京,89,away,2542,立川立飛
4,10.20,三河,win,74,SR渋谷,64,home,2137,岡崎中総
4,10.20,SR渋谷,lose,64,三河,74,away,2137,岡崎中総
4,10.20,千葉,win,98,新潟,90,home,4526,船橋
4,10.20,新潟,lose,90,千葉,98,away,4526,船橋
4,10.20,横浜,win,80,滋賀,76,home,2794,横浜国プ
4,10.20,滋賀,lose,76,横浜,80,away,2794,横浜国プ
4,10.20,富山,win,90,京都,71,home,2220,富山市総
4,10.20,京都,lose,71,富山,90,away,2220,富山市総
4,10.20,大阪,lose,63,名古屋D,76,home,2484,おおきに
4,10.20,名古屋D,win,76,大阪,63,away,2484,おおきに
4,10.21,富山,win,95,京都,64,home,2075,富山市総
4,10.21,京都,lose,64,富山,95,away,2075,富山市総
4,10.21,秋田,win,73,福岡,53,home,3179,CNA
4,10.21,福岡,lose,53,秋田,73,away,3179,CNA
4,10.21,横浜,win,72,滋賀,70,home,2691,横浜国プ
4,10.21,滋賀,lose,70,横浜,72,away,2691,横浜国プ
4,10.21,三遠,lose,60,琉球,91,home,1985,豊橋
4,10.21,琉球,win,91,三遠,60,away,1985,豊橋
4,10.21,大阪,lose,70,名古屋D,80,home,2619,おおきに
4,10.21,名古屋D,win,80,大阪,70,away,2619,おおきに
4,10.21,栃木,win,79,北海道,70,home,2877,県南
4,10.21,北海道,lose,70,栃木,79,away,2877,県南
4,10.21,千葉,win,94,新潟,87,home,4938,船橋
4,10.21,新潟,lose,87,千葉,94,away,4938,船橋
4,10.21,A東京,win,66,川崎,46,home,3074,立川立飛
4,10.21,川崎,lose,46,A東京,66,away,3074,立川立飛
4,10.21,三河,win,76,SR渋谷,71,home,2604,岡崎中総
4,10.21,SR渋谷,lose,71,三河,76,away,2604,岡崎中総
5,10.24,秋田,lose,74,栃木,77,home,3766,CNA
5,10.24,栃木,win,77,秋田,74,away,3766,CNA
5,10.24,千葉,win,110,北海道,78,home,4008,船橋
5,10.24,北海道,lose,78,千葉,110,away,4008,船橋
5,10.24,SR渋谷,lose,61,A東京,62,home,2118,墨田区
5,10.24,A東京,win,62,SR渋谷,61,away,2118,墨田区
5,10.24,川崎,lose,56,三遠,65,home,3021,とどろき
5,10.24,三遠,win,65,川崎,56,away,3021,とどろき
5,10.24,横浜,lose,72,新潟,88,home,2242,横浜国プ
5,10.24,新潟,win,88,横浜,72,away,2242,横浜国プ
5,10.24,三河,win,94,富山,71,home,2170,WA刈谷
5,10.24,富山,lose,71,三河,94,away,2170,WA刈谷
5,10.24,滋賀,lose,77,名古屋D,84,home,1475,ウカル
5,10.24,名古屋D,win,84,滋賀,77,away,1475,ウカル
5,10.24,福岡,lose,72,京都,81,home,1535,北九州
5,10.24,京都,win,81,福岡,72,away,1535,北九州
5,10.24,琉球,win,81,大阪,48,home,3146,沖縄市
5,10.24,大阪,lose,48,琉球,81,away,3146,沖縄市
6,10.26,琉球,win,68,川崎,60,home,3311,沖縄市
6,10.26,川崎,lose,60,琉球,68,away,3311,沖縄市
6,10.27,琉球,lose,72,川崎,75,home,3362,沖縄市
6,10.27,川崎,win,75,琉球,72,away,3362,沖縄市
6,10.27,名古屋D,win,90,福岡,78,home,3846,ドルアリ
6,10.27,福岡,lose,78,名古屋D,90,away,3846,ドルアリ
6,10.27,SR渋谷,lose,79,横浜,84,home,2253,青山学院
6,10.27,横浜,win,84,SR渋谷,79,away,2253,青山学院
6,10.27,新潟,win,77,三遠,54,home,1952,RP上越
6,10.27,三遠,lose,54,新潟,77,away,1952,RP上越
6,10.27,富山,win,90,秋田,75,home,1829,富山県総
6,10.27,秋田,lose,75,富山,90,away,1829,富山県総
6,10.27,京都,lose,67,A東京,77,home,1792,ハンアリ
6,10.27,A東京,win,77,京都,67,away,1792,ハンアリ
6,10.27,大阪,lose,69,千葉,80,home,3765,おおきに
6,10.27,千葉,win,80,大阪,69,away,3765,おおきに
6,10.28,富山,win,98,秋田,80,home,1805,富山県総
6,10.28,秋田,lose,80,富山,98,away,1805,富山県総
6,10.28,SR渋谷,win,77,横浜,73,home,2277,青山学院
6,10.28,横浜,lose,73,SR渋谷,77,away,2277,青山学院
6,10.28,新潟,lose,72,三遠,91,home,1958,RP上越
6,10.28,三遠,win,91,新潟,72,away,1958,RP上越
6,10.28,京都,win,79,A東京,70,home,1932,ハンアリ
6,10.28,A東京,lose,70,京都,79,away,1932,ハンアリ
6,10.28,大阪,lose,63,千葉,77,home,3845,おおきに
6,10.28,千葉,win,77,大阪,63,away,3845,おおきに
6,10.28,北海道,lose,72,栃木,86,home,6042,北海きた
6,10.28,栃木,win,86,北海道,72,away,6042,北海きた
6,10.28,名古屋D,win,91,福岡,88,home,4186,ドルアリ
6,10.28,福岡,lose,88,名古屋D,91,away,4186,ドルアリ
6,10.29,北海道,lose,60,栃木,85,home,3425,北海きた
6,10.29,栃木,win,85,北海道,60,away,3425,北海きた
6,10.29,滋賀,lose,56,三河,77,home,1587,ウカル
6,10.29,三河,win,77,滋賀,56,away,1587,ウカル
6,10.30,滋賀,lose,75,三河,78,home,1628,ウカル
6,10.30,三河,win,78,滋賀,75,away,1628,ウカル
7,11.02,A東京,lose,53,琉球,67,home,2363,立川立飛
7,11.02,琉球,win,67,A東京,53,away,2363,立川立飛
7,11.02,福岡,lose,95,京都,98,home,1205,福岡市民
7,11.02,京都,win,98,福岡,95,away,1205,福岡市民
7,11.03,三遠,win,86,北海道,80,home,1531,豊橋
7,11.03,北海道,lose,80,三遠,86,away,1531,豊橋
7,11.03,三河,win,83,富山,78,home,2468,WA刈谷
7,11.03,富山,lose,78,三河,83,away,2468,WA刈谷
7,11.03,福岡,win,100,京都,47,home,1339,福岡市民
7,11.03,京都,lose,47,福岡,100,away,1339,福岡市民
7,11.03,千葉,win,85,SR渋谷,83,home,4831,船橋
7,11.03,SR渋谷,lose,83,千葉,85,away,4831,船橋
7,11.03,A東京,lose,69,琉球,75,home,2936,立川立飛
7,11.03,琉球,win,75,A東京,69,away,2936,立川立飛
7,11.03,栃木,lose,90,滋賀,93,home,3647,ブレアリ
7,11.03,滋賀,win,93,栃木,90,away,3647,ブレアリ
7,11.03,秋田,lose,83,名古屋D,97,home,2531,CNA
7,11.03,名古屋D,win,97,秋田,83,away,2531,CNA
7,11.03,横浜,lose,72,新潟,79,home,2536,横浜国プ
7,11.03,新潟,win,79,横浜,72,away,2536,横浜国プ
7,11.03,大阪,lose,79,川崎,80,home,2271,おおきに
7,11.03,川崎,win,80,大阪,79,away,2271,おおきに
7,11.04,秋田,lose,68,名古屋D,84,home,2707,CNA
7,11.04,名古屋D,win,84,秋田,68,away,2707,CNA
7,11.04,横浜,lose,63,新潟,87,home,2833,横浜国プ
7,11.04,新潟,win,87,横浜,63,away,2833,横浜国プ
7,11.04,三遠,lose,75,北海道,88,home,2705,豊橋
7,11.04,北海道,win,88,三遠,75,away,2705,豊橋
7,11.04,三河,win,91,富山,72,home,2701,WA刈谷
7,11.04,富山,lose,72,三河,91,away,2701,WA刈谷
7,11.04,大阪,lose,80,川崎,83,home,2358,おおきに
7,11.04,川崎,win,83,大阪,80,away,2358,おおきに
7,11.04,栃木,win,98,滋賀,61,home,3489,ブレアリ
7,11.04,滋賀,lose,61,栃木,98,away,3489,ブレアリ
7,11.04,千葉,win,78,SR渋谷,70,home,5226,船橋
7,11.04,SR渋谷,lose,70,千葉,78,away,5226,船橋
8,11.07,栃木,win,73,千葉,61,home,3917,ブレアリ
8,11.07,千葉,lose,61,栃木,73,away,3917,ブレアリ
8,11.07,北海道,lose,72,SR渋谷,91,home,3008,北海きた
8,11.07,SR渋谷,win,91,北海道,72,away,3008,北海きた
8,11.07,A東京,win,100,秋田,55,home,1879,立川立飛
8,11.07,秋田,lose,55,A東京,100,away,1879,立川立飛
8,11.07,横浜,lose,90,三遠,97,home,2213,横浜国プ
8,11.07,三遠,win,97,横浜,90,away,2213,横浜国プ
8,11.07,新潟,win,76,三河,70,home,3129,アオーレ
8,11.07,三河,lose,70,新潟,76,away,3129,アオーレ
8,11.07,富山,lose,78,川崎,87,home,1551,富山県総
8,11.07,川崎,win,87,富山,78,away,1551,富山県総
8,11.07,名古屋D,win,72,滋賀,56,home,1640,PA小牧
8,11.07,滋賀,lose,56,名古屋D,72,away,1640,PA小牧
8,11.07,京都,win,78,大阪,65,home,1430,ハンアリ
8,11.07,大阪,lose,65,京都,78,away,1430,ハンアリ
8,11.07,琉球,lose,73,福岡,77,home,3321,沖縄市
8,11.07,福岡,win,77,琉球,73,away,3321,沖縄市
9,11.10,名古屋D,lose,63,秋田,79,home,2469,ドルアリ
9,11.10,秋田,win,79,名古屋D,63,away,2469,ドルアリ
9,11.10,栃木,win,97,福岡,65,home,4016,ブレアリ
9,11.10,福岡,lose,65,栃木,97,away,4016,ブレアリ
9,11.10,千葉,lose,84,琉球,86,home,4648,船橋
9,11.10,琉球,win,86,千葉,84,away,4648,船橋
9,11.10,SR渋谷,win,76,三河,71,home,2003,青山学院
9,11.10,三河,lose,71,SR渋谷,76,away,2003,青山学院
9,11.10,川崎,win,79,A東京,66,home,4238,とどろき
9,11.10,A東京,lose,66,川崎,79,away,4238,とどろき
9,11.10,新潟,win,78,北海道,63,home,2325,東総合
9,11.10,北海道,lose,63,新潟,78,away,2325,東総合
9,11.10,滋賀,lose,84,富山,91,home,2219,ウカル
9,11.10,富山,win,91,滋賀,84,away,2219,ウカル
9,11.10,京都,win,80,三遠,76,home,3703,ハンアリ
9,11.10,三遠,lose,76,京都,80,away,3703,ハンアリ
9,11.10,大阪,win,86,横浜,81,home,1605,おおきに
9,11.10,横浜,lose,81,大阪,86,away,1605,おおきに
9,11.11,滋賀,lose,72,富山,85,home,2174,ウカル
9,11.11,富山,win,85,滋賀,72,away,2174,ウカル
9,11.11,大阪,win,78,横浜,68,home,3088,おおきに
9,11.11,横浜,lose,68,大阪,78,away,3088,おおきに
9,11.11,SR渋谷,win,81,三河,79,home,1952,青山学院
9,11.11,三河,lose,79,SR渋谷,81,away,1952,青山学院
9,11.11,名古屋D,win,79,秋田,54,home,2534,ドルアリ
9,11.11,秋田,lose,54,名古屋D,79,away,2534,ドルアリ
9,11.11,京都,lose,65,三遠,78,home,1664,ハンアリ
9,11.11,三遠,win,78,京都,65,away,1664,ハンアリ
9,11.11,栃木,win,86,福岡,66,home,3505,ブレアリ
9,11.11,福岡,lose,66,栃木,86,away,3505,ブレアリ
9,11.11,千葉,win,84,琉球,66,home,5423,船橋
9,11.11,琉球,lose,66,千葉,84,away,5423,船橋
9,11.11,新潟,win,82,北海道,76,home,2351,東総合
9,11.11,北海道,lose,76,新潟,82,away,2351,東総合
9,11.11,川崎,lose,70,A東京,87,home,4470,とどろき
9,11.11,A東京,win,87,川崎,70,away,4470,とどろき
10,11.16,三河,win,87,名古屋D,71,home,3160,SH豊田
10,11.16,名古屋D,lose,71,三河,87,away,3160,SH豊田
10,11.17,三遠,lose,75,滋賀,81,home,1360,豊橋
10,11.17,滋賀,win,81,三遠,75,away,1360,豊橋
10,11.17,北海道,lose,69,川崎,85,home,2084,帯広総合
10,11.17,川崎,win,85,北海道,69,away,2084,帯広総合
10,11.17,千葉,win,88,大阪,58,home,4635,船橋
10,11.17,大阪,lose,58,千葉,88,away,4635,船橋
10,11.17,三河,win,76,名古屋D,65,home,3855,SH豊田
10,11.17,名古屋D,lose,65,三河,76,away,3855,SH豊田
10,11.17,秋田,lose,58,新潟,65,home,2118,能代総体
10,11.17,新潟,win,65,秋田,58,away,2118,能代総体
10,11.17,SR渋谷,lose,64,京都,65,home,1984,青山学院
10,11.17,京都,win,65,SR渋谷,64,away,1984,青山学院
10,11.17,横浜,lose,71,福岡,78,home,2736,横浜国プ
10,11.17,福岡,win,78,横浜,71,away,2736,横浜国プ
10,11.17,富山,lose,70,栃木,96,home,3800,富山市総
10,11.17,栃木,win,96,富山,70,away,3800,富山市総
10,11.17,琉球,lose,54,A東京,57,home,3558,沖縄市
10,11.17,A東京,win,57,琉球,54,away,3558,沖縄市
10,11.18,北海道,lose,74,川崎,82,home,2464,帯広総合
10,11.18,川崎,win,82,北海道,74,away,2464,帯広総合
10,11.18,富山,lose,65,栃木,74,home,4016,富山市総
10,11.18,栃木,win,74,富山,65,away,4016,富山市総
10,11.18,秋田,win,75,新潟,67,home,2330,能代総体
10,11.18,新潟,lose,67,秋田,75,away,2330,能代総体
10,11.18,SR渋谷,win,85,京都,78,home,1956,青山学院
10,11.18,京都,lose,78,SR渋谷,85,away,1956,青山学院
10,11.18,横浜,win,85,福岡,73,home,2901,横浜国プ
10,11.18,福岡,lose,73,横浜,85,away,2901,横浜国プ
10,11.18,三遠,win,75,滋賀,65,home,1803,豊橋
10,11.18,滋賀,lose,65,三遠,75,away,1803,豊橋
10,11.18,千葉,win,81,大阪,59,home,5586,船橋
10,11.18,大阪,lose,59,千葉,81,away,5586,船橋
10,11.18,琉球,win,71,A東京,56,home,3467,沖縄市
10,11.18,A東京,lose,56,琉球,71,away,3467,沖縄市
11,11.23,秋田,win,64,三河,62,home,3250,CNA
11,11.23,三河,lose,62,秋田,64,away,3250,CNA
11,11.23,富山,lose,97,名古屋D,99,home,2226,富山西部
11,11.23,名古屋D,win,99,富山,97,away,2226,富山西部
11,11.23,三遠,lose,66,千葉,87,home,2251,豊橋
11,11.23,千葉,win,87,三遠,66,away,2251,豊橋
11,11.23,滋賀,lose,58,SR渋谷,87,home,2094,守山市民
11,11.23,SR渋谷,win,87,滋賀,58,away,2094,守山市民
11,11.23,A東京,lose,85,京都,87,home,3006,立川立飛
11,11.23,京都,win,87,A東京,85,away,3006,立川立飛
11,11.23,横浜,lose,53,琉球,89,home,3541,横浜国プ
11,11.23,琉球,win,89,横浜,53,away,3541,横浜国プ
11,11.23,大阪,win,81,北海道,70,home,2222,おおきに
11,11.23,北海道,lose,70,大阪,81,away,2222,おおきに
11,11.23,福岡,win,71,新潟,68,home,1731,久留米
11,11.23,新潟,lose,68,福岡,71,away,1731,久留米
11,11.23,川崎,lose,79,栃木,86,home,4532,とどろき
11,11.23,栃木,win,86,川崎,79,away,4532,とどろき
11,11.24,富山,win,98,名古屋D,89,home,1939,富山西部
11,11.24,名古屋D,lose,89,富山,98,away,1939,富山西部
11,11.24,三遠,lose,74,千葉,95,home,2330,豊橋
11,11.24,千葉,win,95,三遠,74,away,2330,豊橋
11,11.24,秋田,win,81,三河,61,home,2997,CNA
11,11.24,三河,lose,61,秋田,81,away,2997,CNA
11,11.24,横浜,lose,58,琉球,75,home,3463,横浜国プ
11,11.24,琉球,win,75,横浜,58,away,3463,横浜国プ
11,11.24,滋賀,lose,78,SR渋谷,81,home,2022,守山市民
11,11.24,SR渋谷,win,81,滋賀,78,away,2022,守山市民
11,11.24,福岡,lose,69,新潟,73,home,1426,久留米
11,11.24,新潟,win,73,福岡,69,away,1426,久留米
11,11.24,A東京,win,85,京都,82,home,2663,立川立飛
11,11.24,京都,lose,82,A東京,85,away,2663,立川立飛
11,11.24,川崎,lose,75,栃木,79,home,4567,とどろき
11,11.24,栃木,win,79,川崎,75,away,4567,とどろき
11,11.24,大阪,win,90,北海道,76,home,1872,おおきに
11,11.24,北海道,lose,76,大阪,90,away,1872,おおきに
12,12.07,三河,win,99,福岡,74,home,1820,WA刈谷
12,12.07,福岡,lose,74,三河,99,away,1820,WA刈谷
12,12.08,滋賀,lose,60,三遠,69,home,1918,ウカル
12,12.08,三遠,win,69,滋賀,60,away,1918,ウカル
12,12.08,京都,lose,71,秋田,80,home,1109,福知山
12,12.08,秋田,win,80,京都,71,away,1109,福知山
12,12.08,栃木,lose,90,琉球,93,home,4450,ブレアリ
12,12.08,琉球,win,93,栃木,90,away,4450,ブレアリ
12,12.08,三河,win,69,福岡,62,home,2148,WA刈谷
12,12.08,福岡,lose,62,三河,69,away,2148,WA刈谷
12,12.08,名古屋D,lose,66,千葉,95,home,4025,ドルアリ
12,12.08,千葉,win,95,名古屋D,66,away,4025,ドルアリ
12,12.08,北海道,lose,80,富山,85,home,3097,北海きた
12,12.08,富山,win,85,北海道,80,away,3097,北海きた
12,12.08,SR渋谷,win,62,大阪,50,home,1779,青山学院
12,12.08,大阪,lose,50,SR渋谷,62,away,1779,青山学院
12,12.08,川崎,win,94,横浜,55,home,3798,とどろき
12,12.08,横浜,lose,55,川崎,94,away,3798,とどろき
12,12.08,新潟,win,68,A東京,63,home,4079,アオーレ
12,12.08,A東京,lose,63,新潟,68,away,4079,アオーレ
12,12.09,北海道,win,94,富山,91,home,3903,北海きた
12,12.09,富山,lose,91,北海道,94,away,3903,北海きた
12,12.09,SR渋谷,win,64,大阪,58,home,2034,青山学院
12,12.09,大阪,lose,58,SR渋谷,64,away,2034,青山学院
12,12.09,新潟,lose,83,A東京,86,home,4457,アオーレ
12,12.09,A東京,win,86,新潟,83,away,4457,アオーレ
12,12.09,滋賀,lose,84,三遠,85,home,2322,ウカル
12,12.09,三遠,win,85,滋賀,84,away,2322,ウカル
12,12.09,京都,win,79,秋田,78,home,1101,福知山
12,12.09,秋田,lose,78,京都,79,away,1101,福知山
12,12.09,栃木,win,77,琉球,67,home,4532,ブレアリ
12,12.09,琉球,lose,67,栃木,77,away,4532,ブレアリ
12,12.09,名古屋D,lose,76,千葉,94,home,3066,ドルアリ
12,12.09,千葉,win,94,名古屋D,76,away,3066,ドルアリ
12,12.09,川崎,win,87,横浜,75,home,3803,とどろき
12,12.09,横浜,lose,75,川崎,87,away,3803,とどろき
13,12.12,秋田,win,93,SR渋谷,73,home,2405,CNA
13,12.12,SR渋谷,lose,73,秋田,93,away,2405,CNA
13,12.12,栃木,lose,63,A東京,64,home,4083,ブレアリ
13,12.12,A東京,win,64,栃木,63,away,4083,ブレアリ
13,12.12,千葉,win,98,北海道,60,home,6172,千葉
13,12.12,北海道,lose,60,千葉,98,away,6172,千葉
13,12.12,富山,win,106,横浜,72,home,2019,富山市総
13,12.12,横浜,lose,72,富山,106,away,2019,富山市総
13,12.12,三遠,lose,74,新潟,82,home,1475,豊橋
13,12.12,新潟,win,82,三遠,74,away,1475,豊橋
13,12.12,三河,win,79,川崎,75,home,2351,WA刈谷
13,12.12,川崎,lose,75,三河,79,away,2351,WA刈谷
13,12.12,大阪,win,67,滋賀,58,home,3044,五月山
13,12.12,滋賀,lose,58,大阪,67,away,3044,五月山
13,12.12,福岡,lose,81,名古屋D,102,home,3021,照葉積水
13,12.12,名古屋D,win,102,福岡,81,away,3021,照葉積水
13,12.12,琉球,win,87,京都,71,home,3269,沖縄市
13,12.12,京都,lose,71,琉球,87,away,3269,沖縄市
14,12.14,北海道,lose,78,秋田,84,home,4065,北海きた
14,12.14,秋田,win,84,北海道,78,away,4065,北海きた
14,12.15,北海道,win,84,秋田,79,home,5664,北海きた
14,12.15,秋田,lose,79,北海道,84,away,5664,北海きた
14,12.15,A東京,win,76,千葉,72,home,3519,駒沢
14,12.15,千葉,lose,72,A東京,76,away,3519,駒沢
14,12.15,名古屋D,lose,70,琉球,84,home,2022,PA小牧
14,12.15,琉球,win,84,名古屋D,70,away,2022,PA小牧
14,12.15,SR渋谷,win,93,三遠,85,home,1977,青山学院
14,12.15,三遠,lose,85,SR渋谷,93,away,1977,青山学院
14,12.15,横浜,win,60,大阪,59,home,2606,横浜国プ
14,12.15,大阪,lose,59,横浜,60,away,2606,横浜国プ
14,12.15,新潟,lose,73,栃木,75,home,3038,東総合
14,12.15,栃木,win,75,新潟,73,away,3038,東総合
14,12.15,富山,lose,107,川崎,108,home,3049,富山市総
14,12.15,川崎,win,108,富山,107,away,3049,富山市総
14,12.15,京都,win,107,三河,100,home,1969,ハンアリ
14,12.15,三河,lose,100,京都,107,away,1969,ハンアリ
14,12.15,福岡,lose,70,滋賀,78,home,1505,照葉積水
14,12.15,滋賀,win,78,福岡,70,away,1505,照葉積水
14,12.16,富山,win,84,川崎,71,home,3635,富山市総
14,12.16,川崎,lose,71,富山,84,away,3635,富山市総
14,12.16,SR渋谷,win,80,三遠,57,home,2034,青山学院
14,12.16,三遠,lose,57,SR渋谷,80,away,2034,青山学院
14,12.16,横浜,win,60,大阪,58,home,3568,横浜国プ
14,12.16,大阪,lose,58,横浜,60,away,3568,横浜国プ
14,12.16,新潟,lose,62,栃木,68,home,2996,東総合
14,12.16,栃木,win,68,新潟,62,away,2996,東総合
14,12.16,京都,win,77,三河,73,home,1975,ハンアリ
14,12.16,三河,lose,73,京都,77,away,1975,ハンアリ
14,12.16,福岡,win,65,滋賀,56,home,1578,照葉積水
14,12.16,滋賀,lose,56,福岡,65,away,1578,照葉積水
14,12.16,A東京,lose,71,千葉,76,home,3541,駒沢
14,12.16,千葉,win,76,A東京,71,away,3541,駒沢
14,12.16,名古屋D,lose,88,琉球,91,home,2646,PA小牧
14,12.16,琉球,win,91,名古屋D,88,away,2646,PA小牧
15,12.21,川崎,lose,78,名古屋D,80,home,2970,とどろき
15,12.21,名古屋D,win,80,川崎,78,away,2970,とどろき
15,12.22,三河,lose,77,新潟,86,home,2321,WA刈谷
15,12.22,新潟,win,86,三河,77,away,2321,WA刈谷
15,12.22,滋賀,win,68,京都,62,home,2214,ウカル
15,12.22,京都,lose,62,滋賀,68,away,2214,ウカル
15,12.22,川崎,win,101,名古屋D,91,home,3828,とどろき
15,12.22,名古屋D,lose,91,川崎,101,away,3828,とどろき
15,12.22,三遠,lose,79,富山,83,home,3212,浜松
15,12.22,富山,win,83,三遠,79,away,3212,浜松
15,12.22,琉球,win,77,SR渋谷,71,home,3336,沖縄市
15,12.22,SR渋谷,lose,71,琉球,77,away,3336,沖縄市
15,12.22,秋田,lose,86,千葉,89,home,4104,CNA
15,12.22,千葉,win,89,秋田,86,away,4104,CNA
15,12.22,横浜,lose,56,A東京,88,home,3021,横浜国プ
15,12.22,A東京,win,88,横浜,56,away,3021,横浜国プ
15,12.22,大阪,lose,70,栃木,74,home,2808,住吉SC
15,12.22,栃木,win,74,大阪,70,away,2808,住吉SC
15,12.22,福岡,lose,80,北海道,82,home,1467,照葉積水
15,12.22,北海道,win,82,福岡,80,away,1467,照葉積水
15,12.23,琉球,win,71,SR渋谷,59,home,3381,沖縄市
15,12.23,SR渋谷,lose,59,琉球,71,away,3381,沖縄市
15,12.23,秋田,lose,65,千葉,85,home,4630,CNA
15,12.23,千葉,win,85,秋田,65,away,4630,CNA
15,12.23,横浜,lose,68,A東京,89,home,3808,横浜国プ
15,12.23,A東京,win,89,横浜,68,away,3808,横浜国プ
15,12.23,三遠,lose,78,富山,83,home,3470,浜松
15,12.23,富山,win,83,三遠,78,away,3470,浜松
15,12.23,三河,win,86,新潟,73,home,2868,WA刈谷
15,12.23,新潟,lose,73,三河,86,away,2868,WA刈谷
15,12.23,滋賀,lose,68,京都,71,home,2750,ウカル
15,12.23,京都,win,71,滋賀,68,away,2750,ウカル
15,12.23,大阪,win,76,栃木,73,home,3304,住吉SC
15,12.23,栃木,lose,73,大阪,76,away,3304,住吉SC
15,12.23,福岡,win,79,北海道,57,home,2155,照葉積水
15,12.23,北海道,lose,57,福岡,79,away,2155,照葉積水
16,12.26,A東京,win,77,SR渋谷,74,home,2891,立川立飛
16,12.26,SR渋谷,lose,74,A東京,77,away,2891,立川立飛
16,12.26,新潟,win,97,横浜,68,home,2398,アオーレ
16,12.26,横浜,lose,68,新潟,97,away,2398,アオーレ
16,12.26,富山,win,88,三河,82,home,3239,富山市総
16,12.26,三河,lose,82,富山,88,away,3239,富山市総
16,12.26,三遠,lose,64,川崎,82,home,1949,豊橋
16,12.26,川崎,win,82,三遠,64,away,1949,豊橋
16,12.26,名古屋D,win,85,滋賀,71,home,1907,ドルアリ
16,12.26,滋賀,lose,71,名古屋D,85,away,1907,ドルアリ
16,12.26,京都,lose,73,福岡,78,home,1381,ハンアリ
16,12.26,福岡,win,78,京都,73,away,1381,ハンアリ
16,12.26,大阪,win,85,琉球,44,home,4071,おおきに
16,12.26,琉球,lose,44,大阪,85,away,4071,おおきに
16,12.27,北海道,lose,76,千葉,83,home,3508,北海きた
16,12.27,千葉,win,83,北海道,76,away,3508,北海きた
16,12.27,栃木,win,84,秋田,59,home,4020,ブレアリ
16,12.27,秋田,lose,59,栃木,84,away,4020,ブレアリ
17,12.28,川崎,lose,98,三河,106,home,2902,とどろき
17,12.28,三河,win,106,川崎,98,away,2902,とどろき
17,12.29,北海道,lose,67,A東京,83,home,4433,北海きた
17,12.29,A東京,win,83,北海道,67,away,4433,北海きた
17,12.29,新潟,win,81,富山,67,home,4106,アオーレ
17,12.29,富山,lose,67,新潟,81,away,4106,アオーレ
17,12.29,川崎,win,93,三河,67,home,3659,とどろき
17,12.29,三河,lose,67,川崎,93,away,3659,とどろき
17,12.29,名古屋D,lose,75,栃木,82,home,3498,ドルアリ
17,12.29,栃木,win,82,名古屋D,75,away,3498,ドルアリ
17,12.29,秋田,lose,45,三遠,65,home,3357,CNA
17,12.29,三遠,win,65,秋田,45,away,3357,CNA
17,12.29,千葉,win,98,京都,46,home,5566,船橋
17,12.29,京都,lose,46,千葉,98,away,5566,船橋
17,12.29,SR渋谷,win,67,福岡,61,home,2039,青山学院
17,12.29,福岡,lose,61,SR渋谷,67,away,2039,青山学院
17,12.29,大阪,win,76,滋賀,71,home,2820,大阪府立
17,12.29,滋賀,lose,71,大阪,76,away,2820,大阪府立
17,12.30,大阪,win,64,滋賀,60,home,3699,大阪府立
17,12.30,滋賀,lose,60,大阪,64,away,3699,大阪府立
17,12.30,北海道,win,78,A東京,76,home,4810,北海きた
17,12.30,A東京,lose,76,北海道,78,away,4810,北海きた
17,12.30,秋田,win,73,三遠,59,home,3456,CNA
17,12.30,三遠,lose,59,秋田,73,away,3456,CNA
17,12.30,SR渋谷,lose,72,福岡,79,home,2952,青山学院
17,12.30,福岡,win,79,SR渋谷,72,away,2952,青山学院
17,12.30,新潟,win,90,富山,83,home,4813,アオーレ
17,12.30,富山,lose,83,新潟,90,away,4813,アオーレ
17,12.30,千葉,win,87,京都,84,home,5551,船橋
17,12.30,京都,lose,84,千葉,87,away,5551,船橋
17,12.30,名古屋D,lose,85,栃木,89,home,3818,ドルアリ
17,12.30,栃木,win,89,名古屋D,85,away,3818,ドルアリ
17,12.30,琉球,win,83,横浜,42,home,3341,沖縄市
17,12.30,横浜,lose,42,琉球,83,away,3341,沖縄市
17,12.31,琉球,lose,66,横浜,69,home,3295,沖縄市
17,12.31,横浜,win,69,琉球,66,away,3295,沖縄市
18,01.04,三河,win,84,北海道,77,home,3070,WA刈谷
18,01.04,北海道,lose,77,三河,84,away,3070,WA刈谷
18,01.05,三河,win,69,北海道,59,home,2834,WA刈谷
18,01.05,北海道,lose,59,三河,69,away,2834,WA刈谷
18,01.05,滋賀,lose,70,千葉,88,home,2689,ウカル
18,01.05,千葉,win,88,滋賀,70,away,2689,ウカル
18,01.05,京都,lose,61,新潟,82,home,2203,ハンアリ
18,01.05,新潟,win,82,京都,61,away,2203,ハンアリ
18,01.05,A東京,win,79,栃木,62,home,3557,駒沢
18,01.05,栃木,lose,62,A東京,79,away,3557,駒沢
18,01.05,川崎,win,84,秋田,62,home,3799,とどろき
18,01.05,秋田,lose,62,川崎,84,away,3799,とどろき
18,01.05,横浜,lose,99,名古屋D,106,home,2694,横浜国プ
18,01.05,名古屋D,win,106,横浜,99,away,2694,横浜国プ
18,01.05,富山,win,81,SR渋谷,76,home,2464,富山市総
18,01.05,SR渋谷,lose,76,富山,81,away,2464,富山市総
18,01.05,福岡,lose,67,三遠,79,home,1321,照葉積水
18,01.05,三遠,win,79,福岡,67,away,1321,照葉積水
18,01.05,琉球,win,71,大阪,48,home,3281,沖縄市
18,01.05,大阪,lose,48,琉球,71,away,3281,沖縄市
18,01.06,富山,win,94,SR渋谷,87,home,2555,富山市総
18,01.06,SR渋谷,lose,87,富山,94,away,2555,富山市総
18,01.06,横浜,win,73,名古屋D,68,home,3830,横浜国プ
18,01.06,名古屋D,lose,68,横浜,73,away,3830,横浜国プ
18,01.06,滋賀,lose,89,千葉,97,home,2828,ウカル
18,01.06,千葉,win,97,滋賀,89,away,2828,ウカル
18,01.06,京都,lose,86,新潟,90,home,2268,ハンアリ
18,01.06,新潟,win,90,京都,86,away,2268,ハンアリ
18,01.06,福岡,lose,66,三遠,85,home,1531,照葉積水
18,01.06,三遠,win,85,福岡,66,away,1531,照葉積水
18,01.06,琉球,lose,53,大阪,61,home,3228,沖縄市
18,01.06,大阪,win,61,琉球,53,away,3228,沖縄市
18,01.06,A東京,lose,62,栃木,63,home,3589,駒沢
18,01.06,栃木,win,63,A東京,62,away,3589,駒沢
18,01.06,川崎,win,72,秋田,58,home,3551,とどろき
18,01.06,秋田,lose,58,川崎,72,away,3551,とどろき
19,01.16,秋田,lose,72,A東京,81,home,2357,秋田県体
19,01.16,A東京,win,81,秋田,72,away,2357,秋田県体
19,01.16,千葉,win,80,栃木,71,home,5925,千葉
19,01.16,栃木,lose,71,千葉,80,away,5925,千葉
19,01.16,SR渋谷,win,85,北海道,80,home,1824,墨田区
19,01.16,北海道,lose,80,SR渋谷,85,away,1824,墨田区
19,01.16,川崎,win,87,富山,67,home,2706,とどろき
19,01.16,富山,lose,67,川崎,87,away,2706,とどろき
19,01.16,三遠,win,97,横浜,91,home,1006,豊橋
19,01.16,横浜,lose,91,三遠,97,away,1006,豊橋
19,01.16,三河,lose,63,新潟,86,home,1806,WA刈谷
19,01.16,新潟,win,86,三河,63,away,1806,WA刈谷
19,01.16,滋賀,lose,68,名古屋D,74,home,1278,ウカル
19,01.16,名古屋D,win,74,滋賀,68,away,1278,ウカル
19,01.16,大阪,lose,58,京都,67,home,2496,おおきに
19,01.16,京都,win,67,大阪,58,away,2496,おおきに
19,01.16,福岡,lose,64,琉球,74,home,1539,照葉積水
19,01.16,琉球,win,74,福岡,64,away,1539,照葉積水
20,01.23,北海道,lose,69,秋田,76,home,2631,北海きた
20,01.23,秋田,win,76,北海道,69,away,2631,北海きた
20,01.23,栃木,win,81,SR渋谷,62,home,3504,ブレアリ
20,01.23,SR渋谷,lose,62,栃木,81,away,3504,ブレアリ
20,01.23,千葉,win,81,A東京,79,home,5289,千葉
20,01.23,A東京,lose,79,千葉,81,away,5289,千葉
20,01.23,横浜,lose,70,川崎,79,home,2229,横浜国プ
20,01.23,川崎,win,79,横浜,70,away,2229,横浜国プ
20,01.23,新潟,win,80,富山,71,home,2014,アオーレ
20,01.23,富山,lose,71,新潟,80,away,2014,アオーレ
20,01.23,三遠,lose,89,三河,94,home,2281,豊橋
20,01.23,三河,win,94,三遠,89,away,2281,豊橋
20,01.23,京都,lose,83,名古屋D,89,home,1013,ハンアリ
20,01.23,名古屋D,win,89,京都,83,away,1013,ハンアリ
20,01.23,福岡,win,71,大阪,67,home,948,照葉積水
20,01.23,大阪,lose,67,福岡,71,away,948,照葉積水
20,01.23,琉球,lose,55,滋賀,65,home,3260,沖縄市
20,01.23,滋賀,win,65,琉球,55,away,3260,沖縄市
21,01.25,北海道,lose,74,京都,85,home,2309,北海きた
21,01.25,京都,win,85,北海道,74,away,2309,北海きた
21,01.25,栃木,win,79,川崎,78,home,3433,ブレアリ
21,01.25,川崎,lose,78,栃木,79,away,3433,ブレアリ
21,01.26,北海道,lose,69,京都,76,home,3829,北海きた
21,01.26,京都,win,76,北海道,69,away,3829,北海きた
21,01.26,秋田,win,67,横浜,65,home,3020,CNA
21,01.26,横浜,lose,65,秋田,67,away,3020,CNA
21,01.26,新潟,win,87,福岡,85,home,2920,アオーレ
21,01.26,福岡,lose,85,新潟,87,away,2920,アオーレ
21,01.26,A東京,win,85,大阪,70,home,2712,立川立飛
21,01.26,大阪,lose,70,A東京,85,away,2712,立川立飛
21,01.26,三河,lose,73,琉球,77,home,2843,WA刈谷
21,01.26,琉球,win,77,三河,73,away,2843,WA刈谷
21,01.26,名古屋D,lose,86,三遠,105,home,2946,ドルアリ
21,01.26,三遠,win,105,名古屋D,86,away,2946,ドルアリ
21,01.26,栃木,win,68,川崎,57,home,4342,ブレアリ
21,01.26,川崎,lose,57,栃木,68,away,4342,ブレアリ
21,01.26,富山,lose,82,千葉,89,home,3705,富山市総
21,01.26,千葉,win,89,富山,82,away,3705,富山市総
21,01.27,富山,lose,68,千葉,86,home,4024,富山市総
21,01.27,千葉,win,86,富山,68,away,4024,富山市総
21,01.27,秋田,lose,71,横浜,77,home,3222,CNA
21,01.27,横浜,win,77,秋田,71,away,3222,CNA
21,01.27,A東京,win,83,大阪,72,home,2720,立川立飛
21,01.27,大阪,lose,72,A東京,83,away,2720,立川立飛
21,01.27,新潟,win,78,福岡,73,home,3263,アオーレ
21,01.27,福岡,lose,73,新潟,78,away,3263,アオーレ
21,01.27,三河,win,76,琉球,74,home,3008,WA刈谷
21,01.27,琉球,lose,74,三河,76,away,3008,WA刈谷
21,01.27,名古屋D,lose,69,三遠,79,home,3457,ドルアリ
21,01.27,三遠,win,79,名古屋D,69,away,3457,ドルアリ
21,01.27,SR渋谷,win,71,滋賀,65,home,1654,青山学院
21,01.27,滋賀,lose,65,SR渋谷,71,away,1654,青山学院
21,01.28,SR渋谷,win,89,滋賀,57,home,1889,青山学院
21,01.28,滋賀,lose,57,SR渋谷,89,away,1889,青山学院
22,01.30,秋田,lose,74,栃木,78,home,2634,CNA
22,01.30,栃木,win,78,秋田,74,away,2634,CNA
22,01.30,千葉,win,106,SR渋谷,71,home,4561,船橋
22,01.30,SR渋谷,lose,71,千葉,106,away,4561,船橋
22,01.30,A東京,win,82,北海道,52,home,2537,立川立飛
22,01.30,北海道,lose,52,A東京,82,away,2537,立川立飛
22,01.30,川崎,win,71,新潟,66,home,3217,とどろき
22,01.30,新潟,lose,66,川崎,71,away,3217,とどろき
22,01.30,横浜,lose,57,三河,91,home,1824,横浜国プ
22,01.30,三河,win,91,横浜,57,away,1824,横浜国プ
22,01.30,三遠,win,87,富山,76,home,1502,豊橋
22,01.30,富山,lose,76,三遠,87,away,1502,豊橋
22,01.30,滋賀,win,83,福岡,72,home,2004,ウカル
22,01.30,福岡,lose,72,滋賀,83,away,2004,ウカル
22,01.30,京都,win,82,琉球,76,home,1481,ハンアリ
22,01.30,琉球,lose,76,京都,82,away,1481,ハンアリ
22,01.30,大阪,lose,62,名古屋D,73,home,2173,住吉SC
22,01.30,名古屋D,win,73,大阪,62,away,2173,住吉SC
23,02.01,横浜,lose,69,三遠,80,home,1432,トッ平総
23,02.01,三遠,win,80,横浜,69,away,1432,トッ平総
23,02.01,名古屋D,lose,80,富山,82,home,1886,ドルアリ
23,02.01,富山,win,82,名古屋D,80,away,1886,ドルアリ
23,02.01,福岡,lose,59,A東京,69,home,3699,照葉積水
23,02.01,A東京,win,69,福岡,59,away,3699,照葉積水
23,02.02,横浜,win,83,三遠,82,home,1995,トッ平総
23,02.02,三遠,lose,82,横浜,83,away,1995,トッ平総
23,02.02,滋賀,lose,72,北海道,89,home,2431,ウカル
23,02.02,北海道,win,89,滋賀,72,away,2431,ウカル
23,02.02,栃木,lose,65,千葉,68,home,4435,ブレアリ
23,02.02,千葉,win,68,栃木,65,away,4435,ブレアリ
23,02.02,新潟,win,79,琉球,69,home,3219,アオーレ
23,02.02,琉球,lose,69,新潟,79,away,3219,アオーレ
23,02.02,福岡,lose,74,A東京,84,home,5618,照葉積水
23,02.02,A東京,win,84,福岡,74,away,5618,照葉積水
23,02.02,名古屋D,win,94,富山,83,home,2685,ドルアリ
23,02.02,富山,lose,83,名古屋D,94,away,2685,ドルアリ
23,02.02,SR渋谷,win,75,秋田,63,home,2411,青山学院
23,02.02,秋田,lose,63,SR渋谷,75,away,2411,青山学院
23,02.02,京都,win,73,川崎,69,home,2016,ハンアリ
23,02.02,川崎,lose,69,京都,73,away,2016,ハンアリ
23,02.02,大阪,lose,78,三河,98,home,3401,おおきに
23,02.02,三河,win,98,大阪,78,away,3401,おおきに
23,02.03,新潟,win,87,琉球,79,home,3507,アオーレ
23,02.03,琉球,lose,79,新潟,87,away,3507,アオーレ
23,02.03,SR渋谷,win,69,秋田,62,home,2794,青山学院
23,02.03,秋田,lose,62,SR渋谷,69,away,2794,青山学院
23,02.03,滋賀,lose,63,北海道,78,home,3011,ウカル
23,02.03,北海道,win,78,滋賀,63,away,3011,ウカル
23,02.03,京都,win,88,川崎,85,home,2248,ハンアリ
23,02.03,川崎,lose,85,京都,88,away,2248,ハンアリ
23,02.03,大阪,win,82,三河,78,home,3794,おおきに
23,02.03,三河,lose,78,大阪,82,away,3794,おおきに
23,02.03,栃木,win,82,千葉,64,home,4455,ブレアリ
23,02.03,千葉,lose,64,栃木,82,away,4455,ブレアリ
24,02.09,A東京,win,83,滋賀,70,home,2610,立川立飛
24,02.09,滋賀,lose,70,A東京,83,away,2610,立川立飛
24,02.09,川崎,win,83,三遠,81,home,1712,トッ平総
24,02.09,三遠,lose,81,川崎,83,away,1712,トッ平総
24,02.09,名古屋D,lose,82,京都,89,home,1864,PA小牧
24,02.09,京都,win,89,名古屋D,82,away,1864,PA小牧
24,02.09,栃木,win,91,SR渋谷,71,home,3673,ブレアリ
24,02.09,SR渋谷,lose,71,栃木,91,away,3673,ブレアリ
24,02.09,北海道,lose,64,新潟,79,home,3505,北海きた
24,02.09,新潟,win,79,北海道,64,away,3505,北海きた
24,02.09,富山,win,85,大阪,50,home,2678,富山市総
24,02.09,大阪,lose,50,富山,85,away,2678,富山市総
24,02.09,福岡,lose,77,横浜,85,home,1507,照葉積水
24,02.09,横浜,win,85,福岡,77,away,1507,照葉積水
24,02.09,琉球,lose,62,千葉,76,home,3432,沖縄市
24,02.09,千葉,win,76,琉球,62,away,3432,沖縄市
24,02.10,富山,win,100,大阪,72,home,4219,富山市総
24,02.10,大阪,lose,72,富山,100,away,4219,富山市総
24,02.10,北海道,lose,60,新潟,84,home,4344,北海きた
24,02.10,新潟,win,84,北海道,60,away,4344,北海きた
24,02.10,福岡,win,80,横浜,74,home,2032,照葉積水
24,02.10,横浜,lose,74,福岡,80,away,2032,照葉積水
24,02.10,栃木,win,92,SR渋谷,79,home,4201,ブレアリ
24,02.10,SR渋谷,lose,79,栃木,92,away,4201,ブレアリ
24,02.10,A東京,win,70,滋賀,65,home,3093,立川立飛
24,02.10,滋賀,lose,65,A東京,70,away,3093,立川立飛
24,02.10,川崎,win,84,三遠,75,home,2221,トッ平総
24,02.10,三遠,lose,75,川崎,84,away,2221,トッ平総
24,02.10,名古屋D,win,92,京都,83,home,1882,PA小牧
24,02.10,京都,lose,83,名古屋D,92,away,1882,PA小牧
24,02.10,三河,win,85,秋田,58,home,3014,WA刈谷
24,02.10,秋田,lose,58,三河,85,away,3014,WA刈谷
24,02.10,琉球,win,79,千葉,67,home,3445,沖縄市
24,02.10,千葉,lose,67,琉球,79,away,3445,沖縄市
24,02.11,三河,win,95,秋田,94,home,2309,WA刈谷
24,02.11,秋田,lose,94,三河,95,away,2309,WA刈谷
25,03.02,三河,win,73,横浜,70,home,2838,WA刈谷
25,03.02,横浜,lose,70,三河,73,away,2838,WA刈谷
25,03.02,千葉,win,102,福岡,63,home,5285,船橋
25,03.02,福岡,lose,63,千葉,102,away,5285,船橋
25,03.02,A東京,win,86,富山,78,home,3002,立川立飛
25,03.02,富山,lose,78,A東京,86,away,3002,立川立飛
25,03.02,三遠,lose,53,栃木,73,home,3781,浜松
25,03.02,栃木,win,73,三遠,53,away,3781,浜松
25,03.02,秋田,win,70,大阪,55,home,3658,ナイス
25,03.02,大阪,lose,55,秋田,70,away,3658,ナイス
25,03.02,川崎,win,89,SR渋谷,80,home,3912,とどろき
25,03.02,SR渋谷,lose,80,川崎,89,away,3912,とどろき
25,03.02,新潟,win,85,名古屋D,72,home,4040,アオーレ
25,03.02,名古屋D,lose,72,新潟,85,away,4040,アオーレ
25,03.02,京都,win,88,滋賀,83,home,2402,ハンアリ
25,03.02,滋賀,lose,83,京都,88,away,2402,ハンアリ
25,03.02,琉球,win,72,北海道,57,home,3288,沖縄市
25,03.02,北海道,lose,57,琉球,72,away,3288,沖縄市
25,03.03,琉球,win,88,北海道,54,home,3310,沖縄市
25,03.03,北海道,lose,54,琉球,88,away,3310,沖縄市
25,03.03,秋田,lose,73,大阪,88,home,3825,ナイス
25,03.03,大阪,win,88,秋田,73,away,3825,ナイス
25,03.03,新潟,win,106,名古屋D,100,home,4168,アオーレ
25,03.03,名古屋D,lose,100,新潟,106,away,4168,アオーレ
25,03.03,三遠,lose,66,栃木,82,home,4211,浜松
25,03.03,栃木,win,82,三遠,66,away,4211,浜松
25,03.03,三河,lose,83,横浜,93,home,2904,WA刈谷
25,03.03,横浜,win,93,三河,83,away,2904,WA刈谷
25,03.03,千葉,win,87,福岡,64,home,5352,船橋
25,03.03,福岡,lose,64,千葉,87,away,5352,船橋
25,03.03,A東京,win,87,富山,73,home,3015,立川立飛
25,03.03,富山,lose,73,A東京,87,away,3015,立川立飛
25,03.03,京都,win,90,滋賀,85,home,2614,ハンアリ
25,03.03,滋賀,lose,85,京都,90,away,2614,ハンアリ
25,03.03,川崎,win,85,SR渋谷,76,home,3462,とどろき
25,03.03,SR渋谷,lose,76,川崎,85,away,3462,とどろき
26,03.08,SR渋谷,win,92,新潟,77,home,3580,青山学院
26,03.08,新潟,lose,77,SR渋谷,92,away,3580,青山学院
26,03.09,琉球,win,72,富山,69,home,3230,沖縄市
26,03.09,富山,lose,69,琉球,72,away,3230,沖縄市
26,03.09,三遠,lose,47,A東京,77,home,2311,豊橋
26,03.09,A東京,win,77,三遠,47,away,2311,豊橋
26,03.09,滋賀,win,77,秋田,68,home,2332,ウカル
26,03.09,秋田,lose,68,滋賀,77,away,2332,ウカル
26,03.09,京都,lose,75,大阪,77,home,1287,三重伊勢
26,03.09,大阪,win,77,京都,75,away,1287,三重伊勢
26,03.09,栃木,win,98,三河,77,home,4548,ブレアリ
26,03.09,三河,lose,77,栃木,98,away,4548,ブレアリ
26,03.09,SR渋谷,win,84,新潟,72,home,4266,青山学院
26,03.09,新潟,lose,72,SR渋谷,84,away,4266,青山学院
26,03.09,横浜,lose,83,千葉,110,home,4242,横浜国プ
26,03.09,千葉,win,110,横浜,83,away,4242,横浜国プ
26,03.09,北海道,lose,71,名古屋D,84,home,3307,北海きた
26,03.09,名古屋D,win,84,北海道,71,away,3307,北海きた
26,03.09,福岡,lose,105,川崎,108,home,2516,福岡市民
26,03.09,川崎,win,108,福岡,105,away,2516,福岡市民
26,03.10,北海道,lose,78,名古屋D,84,home,3860,北海きた
26,03.10,名古屋D,win,84,北海道,78,away,3860,北海きた
26,03.10,横浜,lose,76,千葉,87,home,4702,横浜国プ
26,03.10,千葉,win,87,横浜,76,away,4702,横浜国プ
26,03.10,三遠,lose,59,A東京,83,home,2259,豊橋
26,03.10,A東京,win,83,三遠,59,away,2259,豊橋
26,03.10,滋賀,win,92,秋田,76,home,2585,ウカル
26,03.10,秋田,lose,76,滋賀,92,away,2585,ウカル
26,03.10,京都,win,81,大阪,69,home,1225,三重伊勢
26,03.10,大阪,lose,69,京都,81,away,1225,三重伊勢
26,03.10,福岡,lose,76,川崎,84,home,2124,福岡市民
26,03.10,川崎,win,84,福岡,76,away,2124,福岡市民
26,03.10,琉球,lose,78,富山,80,home,3261,沖縄市
26,03.10,富山,win,80,琉球,78,away,3261,沖縄市
26,03.10,栃木,win,79,三河,56,home,4658,ブレアリ
26,03.10,三河,lose,56,栃木,79,away,4658,ブレアリ
27,03.13,秋田,win,76,北海道,52,home,4830,CNA
27,03.13,北海道,lose,52,秋田,76,away,4830,CNA
27,03.13,A東京,lose,62,千葉,76,home,2968,立川立飛
27,03.13,千葉,win,76,A東京,62,away,2968,立川立飛
27,03.13,SR渋谷,lose,77,栃木,83,home,3514,青山学院
27,03.13,栃木,win,83,SR渋谷,77,away,3514,青山学院
27,03.13,川崎,win,83,横浜,76,home,3461,とどろき
27,03.13,横浜,lose,76,川崎,83,away,3461,とどろき
27,03.13,富山,lose,50,新潟,75,home,3274,富山市総
27,03.13,新潟,win,75,富山,50,away,3274,富山市総
27,03.13,三河,win,83,三遠,69,home,2517,WA刈谷
27,03.13,三遠,lose,69,三河,83,away,2517,WA刈谷
27,03.13,名古屋D,lose,69,京都,84,home,1504,ドルアリ
27,03.13,京都,win,84,名古屋D,69,away,1504,ドルアリ
27,03.13,滋賀,win,85,琉球,69,home,2274,ウカル
27,03.13,琉球,lose,69,滋賀,85,away,2274,ウカル
27,03.13,大阪,lose,60,福岡,79,home,2870,住吉SC
27,03.13,福岡,win,79,大阪,60,away,2870,住吉SC
28,03.16,三遠,lose,68,大阪,86,home,2104,豊橋
28,03.16,大阪,win,86,三遠,68,away,2104,豊橋
28,03.16,栃木,win,92,京都,60,home,4232,ブレアリ
28,03.16,京都,lose,60,栃木,92,away,4232,ブレアリ
28,03.16,千葉,win,105,三河,74,home,6443,千葉
28,03.16,三河,lose,74,千葉,105,away,6443,千葉
28,03.16,新潟,win,85,川崎,74,home,3818,アオーレ
28,03.16,川崎,lose,74,新潟,85,away,3818,アオーレ
28,03.16,名古屋D,lose,73,SR渋谷,75,home,2845,ドルアリ
28,03.16,SR渋谷,win,75,名古屋D,73,away,2845,ドルアリ
28,03.16,北海道,lose,73,横浜,82,home,4136,北海きた
28,03.16,横浜,win,82,北海道,73,away,4136,北海きた
28,03.16,秋田,lose,75,A東京,83,home,2526,タクミ
28,03.16,A東京,win,83,秋田,75,away,2526,タクミ
28,03.16,富山,win,103,滋賀,47,home,2918,富山市総
28,03.16,滋賀,lose,47,富山,103,away,2918,富山市総
28,03.16,琉球,win,82,福岡,55,home,2852,宜野湾市
28,03.16,福岡,lose,55,琉球,82,away,2852,宜野湾市
28,03.17,富山,win,90,滋賀,86,home,4005,富山市総
28,03.17,滋賀,lose,86,富山,90,away,4005,富山市総
28,03.17,北海道,lose,75,横浜,86,home,4231,北海きた
28,03.17,横浜,win,86,北海道,75,away,4231,北海きた
28,03.17,秋田,lose,77,A東京,97,home,3006,タクミ
28,03.17,A東京,win,97,秋田,77,away,3006,タクミ
28,03.17,新潟,lose,72,川崎,81,home,4601,アオーレ
28,03.17,川崎,win,81,新潟,72,away,4601,アオーレ
28,03.17,三遠,win,77,大阪,69,home,3148,豊橋
28,03.17,大阪,lose,69,三遠,77,away,3148,豊橋
28,03.17,琉球,win,61,福岡,59,home,2914,宜野湾市
28,03.17,福岡,lose,59,琉球,61,away,2914,宜野湾市
28,03.17,栃木,lose,75,京都,82,home,4258,ブレアリ
28,03.17,京都,win,82,栃木,75,away,4258,ブレアリ
28,03.17,千葉,win,95,三河,74,home,6717,千葉
28,03.17,三河,lose,74,千葉,95,away,6717,千葉
28,03.17,名古屋D,win,88,SR渋谷,76,home,3514,ドルアリ
28,03.17,SR渋谷,lose,76,名古屋D,88,away,3514,ドルアリ
29,03.23,三遠,win,71,三河,66,home,2202,豊橋
29,03.23,三河,lose,66,三遠,71,away,2202,豊橋
29,03.23,滋賀,win,81,琉球,78,home,3056,ウカル
29,03.23,琉球,lose,78,滋賀,81,away,3056,ウカル
29,03.23,千葉,win,88,秋田,64,home,5012,船橋
29,03.23,秋田,lose,64,千葉,88,away,5012,船橋
29,03.23,A東京,win,82,名古屋D,70,home,3003,立川立飛
29,03.23,名古屋D,lose,70,A東京,82,away,3003,立川立飛
29,03.23,川崎,win,95,北海道,75,home,3838,とどろき
29,03.23,北海道,lose,75,川崎,95,away,3838,とどろき
29,03.23,横浜,lose,64,栃木,79,home,5009,横浜国プ
29,03.23,栃木,win,79,横浜,64,away,5009,横浜国プ
29,03.23,京都,lose,93,SR渋谷,97,home,2527,ハンアリ
29,03.23,SR渋谷,win,97,京都,93,away,2527,ハンアリ
29,03.23,大阪,lose,68,新潟,80,home,3835,おおきに
29,03.23,新潟,win,80,大阪,68,away,3835,おおきに
29,03.23,福岡,lose,82,富山,91,home,2093,飯塚第1
29,03.23,富山,win,91,福岡,82,away,2093,飯塚第1
29,03.24,横浜,lose,79,栃木,90,home,5050,横浜国プ
29,03.24,栃木,win,90,横浜,79,away,5050,横浜国プ
29,03.24,三遠,win,80,三河,66,home,3638,豊橋
29,03.24,三河,lose,66,三遠,80,away,3638,豊橋
29,03.24,滋賀,lose,73,琉球,78,home,3631,ウカル
29,03.24,琉球,win,78,滋賀,73,away,3631,ウカル
29,03.24,京都,lose,103,SR渋谷,105,home,2701,ハンアリ
29,03.24,SR渋谷,win,105,京都,103,away,2701,ハンアリ
29,03.24,大阪,lose,84,新潟,92,home,4390,おおきに
29,03.24,新潟,win,92,大阪,84,away,4390,おおきに
29,03.24,福岡,lose,74,富山,101,home,2097,飯塚第1
29,03.24,富山,win,101,福岡,74,away,2097,飯塚第1
29,03.24,千葉,win,101,秋田,68,home,5388,船橋
29,03.24,秋田,lose,68,千葉,101,away,5388,船橋
29,03.24,A東京,win,100,名古屋D,74,home,3157,立川立飛
29,03.24,名古屋D,lose,74,A東京,100,away,3157,立川立飛
29,03.24,川崎,win,92,北海道,77,home,4075,とどろき
29,03.24,北海道,lose,77,川崎,92,away,4075,とどろき
30,03.27,北海道,lose,80,A東京,100,home,3674,北海きた
30,03.27,A東京,win,100,北海道,80,away,3674,北海きた
30,03.27,栃木,win,99,秋田,54,home,3884,ブレアリ
30,03.27,秋田,lose,54,栃木,99,away,3884,ブレアリ
30,03.27,SR渋谷,lose,76,千葉,87,home,2996,墨田区
30,03.27,千葉,win,87,SR渋谷,76,away,2996,墨田区
30,03.27,新潟,lose,62,川崎,67,home,3650,アオーレ
30,03.27,川崎,win,67,新潟,62,away,3650,アオーレ
30,03.27,富山,win,88,三遠,76,home,2687,富山市総
30,03.27,三遠,lose,76,富山,88,away,2687,富山市総
30,03.27,三河,win,100,横浜,84,home,2924,WA刈谷
30,03.27,横浜,lose,84,三河,100,away,2924,WA刈谷
30,03.27,名古屋D,win,88,大阪,64,home,2406,ドルアリ
30,03.27,大阪,lose,64,名古屋D,88,away,2406,ドルアリ
30,03.27,福岡,lose,71,滋賀,73,home,2109,照葉積水
30,03.27,滋賀,win,73,福岡,71,away,2109,照葉積水
30,03.27,琉球,win,69,京都,67,home,3280,沖縄市
30,03.27,京都,lose,67,琉球,69,away,3280,沖縄市
31,03.30,千葉,win,95,栃木,86,home,5462,船橋
31,03.30,栃木,lose,86,千葉,95,away,5462,船橋
31,03.30,A東京,win,84,秋田,69,home,2833,立川立飛
31,03.30,秋田,lose,69,A東京,84,away,2833,立川立飛
31,03.30,京都,win,90,名古屋D,78,home,2103,ハンアリ
31,03.30,名古屋D,lose,78,京都,90,away,2103,ハンアリ
31,03.30,北海道,lose,58,SR渋谷,67,home,2326,函館アリ
31,03.30,SR渋谷,win,67,北海道,58,away,2326,函館アリ
31,03.30,三遠,lose,55,新潟,76,home,2297,浜松
31,03.30,新潟,win,76,三遠,55,away,2297,浜松
31,03.30,横浜,lose,77,川崎,87,home,3751,横浜国プ
31,03.30,川崎,win,87,横浜,77,away,3751,横浜国プ
31,03.30,富山,lose,77,三河,96,home,3646,富山市総
31,03.30,三河,win,96,富山,77,away,3646,富山市総
31,03.30,滋賀,win,84,大阪,81,home,2745,ウカル
31,03.30,大阪,lose,81,滋賀,84,away,2745,ウカル
31,03.30,福岡,lose,59,琉球,70,home,2184,照葉積水
31,03.30,琉球,win,70,福岡,59,away,2184,照葉積水
31,03.31,富山,lose,83,三河,97,home,4712,富山市総
31,03.31,三河,win,97,富山,83,away,4712,富山市総
31,03.31,北海道,lose,85,SR渋谷,89,home,2404,函館アリ
31,03.31,SR渋谷,win,89,北海道,85,away,2404,函館アリ
31,03.31,横浜,lose,78,川崎,92,home,4191,横浜国プ
31,03.31,川崎,win,92,横浜,78,away,4191,横浜国プ
31,03.31,三遠,lose,70,新潟,74,home,2944,浜松
31,03.31,新潟,win,74,三遠,70,away,2944,浜松
31,03.31,滋賀,lose,58,大阪,65,home,2914,ウカル
31,03.31,大阪,win,65,滋賀,58,away,2914,ウカル
31,03.31,京都,lose,68,名古屋D,85,home,2396,ハンアリ
31,03.31,名古屋D,win,85,京都,68,away,2396,ハンアリ
31,03.31,福岡,lose,70,琉球,86,home,2166,照葉積水
31,03.31,琉球,win,86,福岡,70,away,2166,照葉積水
31,03.31,千葉,lose,70,栃木,72,home,5458,船橋
31,03.31,栃木,win,72,千葉,70,away,5458,船橋
31,03.31,A東京,win,79,秋田,63,home,2829,立川立飛
31,03.31,秋田,lose,63,A東京,79,away,2829,立川立飛
32,04.03,秋田,lose,83,千葉,85,home,3304,秋田県体
32,04.03,千葉,win,85,秋田,83,away,3304,秋田県体
32,04.03,栃木,win,86,北海道,65,home,3659,ブレアリ
32,04.03,北海道,lose,65,栃木,86,away,3659,ブレアリ
32,04.03,SR渋谷,lose,61,A東京,110,home,2652,青山学院
32,04.03,A東京,win,110,SR渋谷,61,away,2652,青山学院
32,04.03,川崎,win,91,三遠,67,home,4252,とどろき
32,04.03,三遠,lose,67,川崎,91,away,4252,とどろき
32,04.03,新潟,win,80,富山,66,home,2711,アオーレ
32,04.03,富山,lose,66,新潟,80,away,2711,アオーレ
32,04.03,三河,win,94,横浜,92,home,2221,WA刈谷
32,04.03,横浜,lose,92,三河,94,away,2221,WA刈谷
32,04.03,名古屋D,win,74,琉球,60,home,2705,ドルアリ
32,04.03,琉球,lose,60,名古屋D,74,away,2705,ドルアリ
32,04.03,京都,win,90,滋賀,84,home,1486,ハンアリ
32,04.03,滋賀,lose,84,京都,90,away,1486,ハンアリ
32,04.03,大阪,win,77,福岡,61,home,3272,住吉SC
32,04.03,福岡,lose,61,大阪,77,away,3272,住吉SC
33,04.05,栃木,win,87,A東京,83,home,4409,ブレアリ
33,04.05,A東京,lose,83,栃木,87,away,4409,ブレアリ
33,04.05,川崎,win,86,富山,79,home,4181,とどろき
33,04.05,富山,lose,79,川崎,86,away,4181,とどろき
33,04.05,三遠,win,83,横浜,81,home,1845,豊橋
33,04.05,横浜,lose,81,三遠,83,away,1845,豊橋
33,04.06,秋田,lose,68,SR渋谷,75,home,2795,秋田県体
33,04.06,SR渋谷,win,75,秋田,68,away,2795,秋田県体
33,04.06,三遠,win,94,横浜,74,home,3383,豊橋
33,04.06,横浜,lose,74,三遠,94,away,3383,豊橋
33,04.06,北海道,lose,67,千葉,97,home,2235,釧路
33,04.06,千葉,win,97,北海道,67,away,2235,釧路
33,04.06,新潟,win,95,三河,84,home,3493,アオーレ
33,04.06,三河,lose,84,新潟,95,away,3493,アオーレ
33,04.06,川崎,lose,74,富山,88,home,4510,とどろき
33,04.06,富山,win,88,川崎,74,away,4510,とどろき
33,04.06,名古屋D,win,73,大阪,49,home,1906,ドルアリ
33,04.06,大阪,lose,49,名古屋D,73,away,1906,ドルアリ
33,04.06,栃木,lose,56,A東京,60,home,4688,ブレアリ
33,04.06,A東京,win,60,栃木,56,away,4688,ブレアリ
33,04.06,滋賀,win,91,福岡,80,home,2874,ウカル
33,04.06,福岡,lose,80,滋賀,91,away,2874,ウカル
33,04.06,琉球,win,82,京都,76,home,3291,沖縄市
33,04.06,京都,lose,76,琉球,82,away,3291,沖縄市
33,04.07,北海道,lose,58,千葉,91,home,2829,釧路
33,04.07,千葉,win,91,北海道,58,away,2829,釧路
33,04.07,琉球,win,67,京都,52,home,3296,沖縄市
33,04.07,京都,lose,52,琉球,67,away,3296,沖縄市
33,04.07,秋田,lose,84,SR渋谷,92,home,3407,秋田県体
33,04.07,SR渋谷,win,92,秋田,84,away,3407,秋田県体
33,04.07,新潟,win,79,三河,62,home,4054,アオーレ
33,04.07,三河,lose,62,新潟,79,away,4054,アオーレ
33,04.07,滋賀,win,92,福岡,77,home,3166,ウカル
33,04.07,福岡,lose,77,滋賀,92,away,3166,ウカル
33,04.07,名古屋D,win,87,大阪,86,home,2611,ドルアリ
33,04.07,大阪,lose,86,名古屋D,87,away,2611,ドルアリ
34,04.10,北海道,lose,83,栃木,95,home,4349,北海きた
34,04.10,栃木,win,95,北海道,83,away,4349,北海きた
34,04.10,千葉,win,91,秋田,62,home,5023,千葉
34,04.10,秋田,lose,62,千葉,91,away,5023,千葉
34,04.10,A東京,win,81,SR渋谷,73,home,2335,立川立飛
34,04.10,SR渋谷,lose,73,A東京,81,away,2335,立川立飛
34,04.10,横浜,lose,80,三河,88,home,1584,トッ平総
34,04.10,三河,win,88,横浜,80,away,1584,トッ平総
34,04.10,富山,lose,61,新潟,79,home,2701,富山市総
34,04.10,新潟,win,79,富山,61,away,2701,富山市総
34,04.10,三遠,lose,83,川崎,85,home,3816,豊橋
34,04.10,川崎,win,85,三遠,83,away,3816,豊橋
34,04.10,滋賀,win,90,京都,88,home,3717,ウカル
34,04.10,京都,lose,88,滋賀,90,away,3717,ウカル
34,04.10,福岡,lose,71,大阪,80,home,2011,照葉積水
34,04.10,大阪,win,80,福岡,71,away,2011,照葉積水
34,04.10,琉球,win,75,名古屋D,68,home,3230,沖縄市
34,04.10,名古屋D,lose,68,琉球,75,away,3230,沖縄市
35,04.12,横浜,lose,97,富山,99,home,2847,横浜文体
35,04.12,富山,win,99,横浜,97,away,2847,横浜文体
35,04.13,秋田,win,79,北海道,66,home,3088,CNA
35,04.13,北海道,lose,66,秋田,79,away,3088,CNA
35,04.13,横浜,lose,72,富山,75,home,3279,横浜文体
35,04.13,富山,win,75,横浜,72,away,3279,横浜文体
35,04.13,三河,win,91,三遠,83,home,2651,WA刈谷
35,04.13,三遠,lose,83,三河,91,away,2651,WA刈谷
35,04.13,千葉,win,59,A東京,57,home,5439,船橋
35,04.13,A東京,lose,57,千葉,59,away,5439,船橋
35,04.13,名古屋D,lose,60,滋賀,92,home,2205,ドルアリ
35,04.13,滋賀,win,92,名古屋D,60,away,2205,ドルアリ
35,04.13,SR渋谷,lose,61,栃木,72,home,3090,青山学院
35,04.13,栃木,win,72,SR渋谷,61,away,3090,青山学院
35,04.13,川崎,lose,78,新潟,80,home,4231,とどろき
35,04.13,新潟,win,80,川崎,78,away,4231,とどろき
35,04.13,京都,lose,74,福岡,80,home,2106,ハンアリ
35,04.13,福岡,win,80,京都,74,away,2106,ハンアリ
35,04.13,大阪,win,66,琉球,62,home,3770,おおきに
35,04.13,琉球,lose,62,大阪,66,away,3770,おおきに
35,04.14,秋田,win,73,北海道,44,home,4173,CNA
35,04.14,北海道,lose,44,秋田,73,away,4173,CNA
35,04.14,SR渋谷,lose,65,栃木,99,home,3396,青山学院
35,04.14,栃木,win,99,SR渋谷,65,away,3396,青山学院
35,04.14,三河,win,63,三遠,50,home,2952,WA刈谷
35,04.14,三遠,lose,50,三河,63,away,2952,WA刈谷
35,04.14,京都,win,83,福岡,79,home,2342,ハンアリ
35,04.14,福岡,lose,79,京都,83,away,2342,ハンアリ
35,04.14,大阪,lose,59,琉球,76,home,5078,おおきに
35,04.14,琉球,win,76,大阪,59,away,5078,おおきに
35,04.14,千葉,win,87,A東京,76,home,5541,船橋
35,04.14,A東京,lose,76,千葉,87,away,5541,船橋
35,04.14,名古屋D,win,92,滋賀,65,home,2630,ドルアリ
35,04.14,滋賀,lose,65,名古屋D,92,away,2630,ドルアリ
35,04.14,川崎,lose,74,新潟,84,home,4183,とどろき
35,04.14,新潟,win,84,川崎,74,away,4183,とどろき
36,04.19,栃木,win,80,秋田,72,home,3993,ブレアリ
36,04.19,秋田,lose,72,栃木,80,away,3993,ブレアリ
36,04.19,三河,lose,74,川崎,75,home,3133,SH豊田
36,04.19,川崎,win,75,三河,74,away,3133,SH豊田
36,04.20,A東京,win,96,北海道,84,home,2914,立川立飛
36,04.20,北海道,lose,84,A東京,96,away,2914,立川立飛
36,04.20,三河,lose,66,川崎,83,home,4602,SH豊田
36,04.20,川崎,win,83,三河,66,away,4602,SH豊田
36,04.20,栃木,win,78,秋田,73,home,4597,ブレアリ
36,04.20,秋田,lose,73,栃木,78,away,4597,ブレアリ
36,04.20,SR渋谷,lose,69,千葉,94,home,3334,青山学院
36,04.20,千葉,win,94,SR渋谷,69,away,3334,青山学院
36,04.20,新潟,win,89,横浜,88,home,3551,アオーレ
36,04.20,横浜,lose,88,新潟,89,away,3551,アオーレ
36,04.20,富山,win,89,三遠,72,home,4241,富山市総
36,04.20,三遠,lose,72,富山,89,away,4241,富山市総
36,04.20,大阪,lose,57,京都,69,home,3662,おおきに
36,04.20,京都,win,69,大阪,57,away,3662,おおきに
36,04.20,福岡,lose,73,名古屋D,77,home,2181,照葉積水
36,04.20,名古屋D,win,77,福岡,73,away,2181,照葉積水
36,04.20,琉球,win,69,滋賀,63,home,3233,沖縄市
36,04.20,滋賀,lose,63,琉球,69,away,3233,沖縄市
36,04.21,富山,win,91,三遠,79,home,5382,富山市総
36,04.21,三遠,lose,79,富山,91,away,5382,富山市総
36,04.21,SR渋谷,lose,74,千葉,95,home,3655,青山学院
36,04.21,千葉,win,95,SR渋谷,74,away,3655,青山学院
36,04.21,新潟,win,89,横浜,73,home,4436,アオーレ
36,04.21,横浜,lose,73,新潟,89,away,4436,アオーレ
36,04.21,大阪,win,52,京都,51,home,6760,おおきに
36,04.21,京都,lose,51,大阪,52,away,6760,おおきに
36,04.21,福岡,lose,83,名古屋D,84,home,3208,照葉積水
36,04.21,名古屋D,win,84,福岡,83,away,3208,照葉積水
36,04.21,A東京,win,81,北海道,74,home,3083,立川立飛
36,04.21,北海道,lose,74,A東京,81,away,3083,立川立飛
36,04.21,琉球,win,85,滋賀,79,home,3225,沖縄市
36,04.21,滋賀,lose,79,琉球,85,away,3225,沖縄市
